Live RViz bench → /home/ubuntu/workspace/aryan/xiao-hei-vln-cmu/exploration_logs/live_rviz
algos=nbv rrt wall_follow  scenes=18  timeout=480s
NOTE: uses aryan_* only (ROS_DOMAIN_ID=42). Does not recreate Rajath containers.
 Container aryan_xiao_hei_perception Running 

===== [1/54] scene=arabic_room algo=nbv (20260722T060443Z) =====
/home/ubuntu/workspace/aryan/xiao-hei-vln-cmu/scripts/live_rviz_bench.sh: line 183: /home/ubuntu/workspace/aryan/xiao-hei-vln-cmu/exploration_logs/exploration.log: Permission denied
 Container aryan_iros2026_system Recreate 
 Container aryan_xiao_hei_perception Running 
 Container aryan_iros2026_system Recreated 
 Container aryan_xiao_hei_ai_module Recreate 
 Container aryan_xiao_hei_ai_module Recreated 
 Container aryan_iros2026_system Starting 
 Container aryan_iros2026_system Started 
 Container aryan_xiao_hei_ai_module Starting 
 Container aryan_xiao_hei_ai_module Started 
 Container aryan_iros2026_system Running 
 Container aryan_xiao_hei_perception Running 
 Container aryan_xiao_hei_ai_module Recreate 
 Container aryan_xiao_hei_ai_module Recreated 
 Container aryan_xiao_hei_ai_module Starting 
 Container aryan_xiao_hei_ai_module Started 
Live RViz bench → /home/ubuntu/workspace/aryan/xiao-hei-vln-cmu/exploration_logs/live_rviz
algos=nbv rrt wall_follow  scenes=18  timeout=480s
NOTE: uses aryan_* only (ROS_DOMAIN_ID=42). Does not recreate Rajath containers.
 Container aryan_xiao_hei_perception Creating 
 Container aryan_xiao_hei_perception Created 
 Container aryan_xiao_hei_perception Starting 
 Container aryan_xiao_hei_perception Started 

===== [1/54] scene=arabic_room algo=nbv (20260722T063753Z) =====
 Container aryan_iros2026_system Creating 
 Container aryan_xiao_hei_perception Running 
 Container aryan_iros2026_system Created 
 Container aryan_xiao_hei_ai_module Creating 
 Container aryan_xiao_hei_ai_module Created 
 Container aryan_iros2026_system Starting 
 Container aryan_iros2026_system Started 
 Container aryan_xiao_hei_ai_module Starting 
 Container aryan_xiao_hei_ai_module Started 
 Container aryan_xiao_hei_perception Running 
 Container aryan_iros2026_system Running 
 Container aryan_xiao_hei_ai_module Recreate 
 Container aryan_xiao_hei_ai_module Recreated 
 Container aryan_xiao_hei_ai_module Starting 
 Container aryan_xiao_hei_ai_module Started 
saved /home/ubuntu/workspace/aryan/xiao-hei-vln-cmu/exploration_logs/live_rviz/arabic_room/nbv_done_20260722T063753Z.png (1024, 768)
{
  "gt_coverage": 0.9848484848484849,
  "mapped_coverage": 0.9463869463869464,
  "path_length_m": 25.21180047892967,
  "coverage_per_meter": 0.039062996935564163,
  "n_gt_free": 858,
  "n_seen": 845,
  "n_mapped": 812,
  "n_visited_waypoints": 3,
  "ticks": 107,
  "done_reason": "done",
  "skipped": 43,
  "resolution": 0.2,
  "scene": "arabic_room"
}
score → /home/ubuntu/workspace/aryan/xiao-hei-vln-cmu/exploration_logs/live_rviz/arabic_room/nbv_done_20260722T063753Z_score.json
→ done  shot=/home/ubuntu/workspace/aryan/xiao-hei-vln-cmu/exploration_logs/live_rviz/arabic_room/nbv_done_20260722T063753Z.png

===== [2/54] scene=arabic_room algo=rrt (20260722T064444Z) =====
 Container aryan_iros2026_system Recreate 
 Container aryan_xiao_hei_perception Running 
 Container aryan_iros2026_system Recreated 
 Container aryan_xiao_hei_ai_module Recreate 
 Container aryan_xiao_hei_ai_module Recreated 
 Container aryan_iros2026_system Starting 
 Container aryan_iros2026_system Started 
 Container aryan_xiao_hei_ai_module Starting 
 Container aryan_xiao_hei_ai_module Started 
 Container aryan_iros2026_system Running 
 Container aryan_xiao_hei_perception Running 
 Container aryan_xiao_hei_ai_module Recreate 
 Container aryan_xiao_hei_ai_module Recreated 
 Container aryan_xiao_hei_ai_module Starting 
 Container aryan_xiao_hei_ai_module Started 
saved /home/ubuntu/workspace/aryan/xiao-hei-vln-cmu/exploration_logs/live_rviz/arabic_room/rrt_done_20260722T064444Z.png (1024, 768)
{
  "gt_coverage": 0.9778554778554779,
  "mapped_coverage": 0.8205128205128205,
  "path_length_m": 30.948145522038725,
  "coverage_per_meter": 0.031596577480196016,
  "n_gt_free": 858,
  "n_seen": 839,
  "n_mapped": 704,
  "n_visited_waypoints": 8,
  "ticks": 110,
  "done_reason": "done",
  "skipped": 43,
  "resolution": 0.2,
  "scene": "arabic_room"
}
score → /home/ubuntu/workspace/aryan/xiao-hei-vln-cmu/exploration_logs/live_rviz/arabic_room/rrt_done_20260722T064444Z_score.json
→ done  shot=/home/ubuntu/workspace/aryan/xiao-hei-vln-cmu/exploration_logs/live_rviz/arabic_room/rrt_done_20260722T064444Z.png

===== [3/54] scene=arabic_room algo=wall_follow (20260722T065229Z) =====
 Container aryan_xiao_hei_perception Running 
 Container aryan_iros2026_system Recreate 
 Container aryan_iros2026_system Recreated 
 Container aryan_xiao_hei_ai_module Recreate 
 Container aryan_xiao_hei_ai_module Recreated 
 Container aryan_iros2026_system Starting 
 Container aryan_iros2026_system Started 
 Container aryan_xiao_hei_ai_module Starting 
 Container aryan_xiao_hei_ai_module Started 
 Container aryan_iros2026_system Running 
 Container aryan_xiao_hei_perception Running 
 Container aryan_xiao_hei_ai_module Recreate 
 Container aryan_xiao_hei_ai_module Recreated 
 Container aryan_xiao_hei_ai_module Starting 
 Container aryan_xiao_hei_ai_module Started 
HARD STOP at 480s — FORCE_DONE dump
saved /home/ubuntu/workspace/aryan/xiao-hei-vln-cmu/exploration_logs/live_rviz/arabic_room/wall_follow_timeout_20260722T065229Z.png (1024, 768)
{
  "gt_coverage": 0.9813519813519813,
  "mapped_coverage": 0.752913752913753,
  "path_length_m": 42.539565685820705,
  "coverage_per_meter": 0.023069158453563755,
  "n_gt_free": 858,
  "n_seen": 842,
  "n_mapped": 646,
  "n_visited_waypoints": 12,
  "ticks": 145,
  "done_reason": "timeout",
  "skipped": 51,
  "resolution": 0.2,
  "scene": "arabic_room"
}
score → /home/ubuntu/workspace/aryan/xiao-hei-vln-cmu/exploration_logs/live_rviz/arabic_room/wall_follow_timeout_20260722T065229Z_score.json
→ timeout  shot=/home/ubuntu/workspace/aryan/xiao-hei-vln-cmu/exploration_logs/live_rviz/arabic_room/wall_follow_timeout_20260722T065229Z.png

===== [4/54] scene=chinese_room algo=nbv (20260722T070110Z) =====
 Container aryan_iros2026_system Recreate 
 Container aryan_xiao_hei_perception Running 
 Container aryan_iros2026_system Recreated 
 Container aryan_xiao_hei_ai_module Recreate 
 Container aryan_xiao_hei_ai_module Recreated 
 Container aryan_iros2026_system Starting 
 Container aryan_iros2026_system Started 
 Container aryan_xiao_hei_ai_module Starting 
 Container aryan_xiao_hei_ai_module Started 
 Container aryan_xiao_hei_perception Running 
 Container aryan_iros2026_system Running 
 Container aryan_xiao_hei_ai_module Recreate 
 Container aryan_xiao_hei_ai_module Recreated 
 Container aryan_xiao_hei_ai_module Starting 
 Container aryan_xiao_hei_ai_module Started 
HARD STOP at 480s — FORCE_DONE dump
saved /home/ubuntu/workspace/aryan/xiao-hei-vln-cmu/exploration_logs/live_rviz/chinese_room/nbv_timeout_20260722T070110Z.png (1024, 768)
{
  "gt_coverage": 0.9648397104446742,
  "mapped_coverage": 0.8386763185108583,
  "path_length_m": 43.59787250100596,
  "coverage_per_meter": 0.022130431030147443,
  "n_gt_free": 967,
  "n_seen": 933,
  "n_mapped": 811,
  "n_visited_waypoints": 17,
  "ticks": 161,
  "done_reason": "timeout",
  "skipped": 50,
  "resolution": 0.2,
  "scene": "chinese_room"
}
score → /home/ubuntu/workspace/aryan/xiao-hei-vln-cmu/exploration_logs/live_rviz/chinese_room/nbv_timeout_20260722T070110Z_score.json
→ timeout  shot=/home/ubuntu/workspace/aryan/xiao-hei-vln-cmu/exploration_logs/live_rviz/chinese_room/nbv_timeout_20260722T070110Z.png

===== [5/54] scene=chinese_room algo=rrt (20260722T070952Z) =====
 Container aryan_iros2026_system Recreate 
 Container aryan_xiao_hei_perception Running 
 Container aryan_iros2026_system Recreated 
 Container aryan_xiao_hei_ai_module Recreate 
 Container aryan_xiao_hei_ai_module Recreated 
 Container aryan_iros2026_system Starting 
 Container aryan_iros2026_system Started 
 Container aryan_xiao_hei_ai_module Starting 
 Container aryan_xiao_hei_ai_module Started 
 Container aryan_xiao_hei_perception Running 
 Container aryan_iros2026_system Running 
 Container aryan_xiao_hei_ai_module Recreate 
 Container aryan_xiao_hei_ai_module Recreated 
 Container aryan_xiao_hei_ai_module Starting 
 Container aryan_xiao_hei_ai_module Started 
HARD STOP at 480s — FORCE_DONE dump
saved /home/ubuntu/workspace/aryan/xiao-hei-vln-cmu/exploration_logs/live_rviz/chinese_room/rrt_timeout_20260722T070952Z.png (1024, 768)
{
  "gt_coverage": 0.9110651499482937,
  "mapped_coverage": 0.6959669079627715,
  "path_length_m": 31.690340856870836,
  "coverage_per_meter": 0.02874898550517686,
  "n_gt_free": 967,
  "n_seen": 881,
  "n_mapped": 673,
  "n_visited_waypoints": 12,
  "ticks": 177,
  "done_reason": "timeout",
  "skipped": 58,
  "resolution": 0.2,
  "scene": "chinese_room"
}
score → /home/ubuntu/workspace/aryan/xiao-hei-vln-cmu/exploration_logs/live_rviz/chinese_room/rrt_timeout_20260722T070952Z_score.json
→ timeout  shot=/home/ubuntu/workspace/aryan/xiao-hei-vln-cmu/exploration_logs/live_rviz/chinese_room/rrt_timeout_20260722T070952Z.png

===== [6/54] scene=chinese_room algo=wall_follow (20260722T071833Z) =====
 Container aryan_iros2026_system Recreate 
 Container aryan_xiao_hei_perception Running 
 Container aryan_iros2026_system Recreated 
 Container aryan_xiao_hei_ai_module Recreate 
 Container aryan_xiao_hei_ai_module Recreated 
 Container aryan_iros2026_system Starting 
 Container aryan_iros2026_system Started 
 Container aryan_xiao_hei_ai_module Starting 
 Container aryan_xiao_hei_ai_module Started 
 Container aryan_iros2026_system Running 
 Container aryan_xiao_hei_perception Running 
 Container aryan_xiao_hei_ai_module Recreate 
 Container aryan_xiao_hei_ai_module Recreated 
 Container aryan_xiao_hei_ai_module Starting 
 Container aryan_xiao_hei_ai_module Started 
saved /home/ubuntu/workspace/aryan/xiao-hei-vln-cmu/exploration_logs/live_rviz/chinese_room/wall_follow_done_20260722T071833Z.png (1024, 768)
{
  "gt_coverage": 0.7621509824198552,
  "mapped_coverage": 0.6173733195449845,
  "path_length_m": 52.686137665585164,
  "coverage_per_meter": 0.014465873115570889,
  "n_gt_free": 967,
  "n_seen": 737,
  "n_mapped": 597,
  "n_visited_waypoints": 20,
  "ticks": 90,
  "done_reason": "done",
  "skipped": 26,
  "resolution": 0.2,
  "scene": "chinese_room"
}
score → /home/ubuntu/workspace/aryan/xiao-hei-vln-cmu/exploration_logs/live_rviz/chinese_room/wall_follow_done_20260722T071833Z_score.json
→ done  shot=/home/ubuntu/workspace/aryan/xiao-hei-vln-cmu/exploration_logs/live_rviz/chinese_room/wall_follow_done_20260722T071833Z.png

===== [7/54] scene=home_building_1 algo=nbv (20260722T072431Z) =====
 Container aryan_xiao_hei_perception Running 
 Container aryan_iros2026_system Recreate 
 Container aryan_iros2026_system Recreated 
 Container aryan_xiao_hei_ai_module Recreate 
 Container aryan_xiao_hei_ai_module Recreated 
 Container aryan_iros2026_system Starting 
 Container aryan_iros2026_system Started 
 Container aryan_xiao_hei_ai_module Starting 
 Container aryan_xiao_hei_ai_module Started 
 Container aryan_xiao_hei_perception Running 
 Container aryan_iros2026_system Running 
 Container aryan_xiao_hei_ai_module Recreate 
 Container aryan_xiao_hei_ai_module Recreated 
 Container aryan_xiao_hei_ai_module Starting 
 Container aryan_xiao_hei_ai_module Started 
HARD STOP at 480s — FORCE_DONE dump
saved /home/ubuntu/workspace/aryan/xiao-hei-vln-cmu/exploration_logs/live_rviz/home_building_1/nbv_timeout_20260722T072431Z.png (1024, 768)
{
  "gt_coverage": 0.7433545048223947,
  "mapped_coverage": 0.7657021877205363,
  "path_length_m": 115.55754096983436,
  "coverage_per_meter": 0.006432764998144458,
  "n_gt_free": 4251,
  "n_seen": 3160,
  "n_mapped": 3255,
  "n_visited_waypoints": 17,
  "ticks": 227,
  "done_reason": "timeout",
  "skipped": 67,
  "resolution": 0.2,
  "scene": "home_building_1"
}
score → /home/ubuntu/workspace/aryan/xiao-hei-vln-cmu/exploration_logs/live_rviz/home_building_1/nbv_timeout_20260722T072431Z_score.json
→ timeout  shot=/home/ubuntu/workspace/aryan/xiao-hei-vln-cmu/exploration_logs/live_rviz/home_building_1/nbv_timeout_20260722T072431Z.png

===== [8/54] scene=home_building_1 algo=rrt (20260722T073313Z) =====
 Container aryan_iros2026_system Recreate 
 Container aryan_xiao_hei_perception Running 
 Container aryan_iros2026_system Recreated 
 Container aryan_xiao_hei_ai_module Recreate 
 Container aryan_xiao_hei_ai_module Recreated 
 Container aryan_iros2026_system Starting 
 Container aryan_iros2026_system Started 
 Container aryan_xiao_hei_ai_module Starting 
 Container aryan_xiao_hei_ai_module Started 
 Container aryan_xiao_hei_perception Running 
 Container aryan_iros2026_system Running 
 Container aryan_xiao_hei_ai_module Recreate 
 Container aryan_xiao_hei_ai_module Recreated 
 Container aryan_xiao_hei_ai_module Starting 
 Container aryan_xiao_hei_ai_module Started 
HARD STOP at 480s — FORCE_DONE dump
saved /home/ubuntu/workspace/aryan/xiao-hei-vln-cmu/exploration_logs/live_rviz/home_building_1/rrt_timeout_20260722T073313Z.png (1024, 768)
{
  "gt_coverage": 0.4542460597506469,
  "mapped_coverage": 0.529287226534933,
  "path_length_m": 121.50290987701766,
  "coverage_per_meter": 0.0037385611604728143,
  "n_gt_free": 4251,
  "n_seen": 1931,
  "n_mapped": 2250,
  "n_visited_waypoints": 38,
  "ticks": 367,
  "done_reason": "timeout",
  "skipped": 80,
  "resolution": 0.2,
  "scene": "home_building_1"
}
score → /home/ubuntu/workspace/aryan/xiao-hei-vln-cmu/exploration_logs/live_rviz/home_building_1/rrt_timeout_20260722T073313Z_score.json
→ timeout  shot=/home/ubuntu/workspace/aryan/xiao-hei-vln-cmu/exploration_logs/live_rviz/home_building_1/rrt_timeout_20260722T073313Z.png

===== [9/54] scene=home_building_1 algo=wall_follow (20260722T074155Z) =====
 Container aryan_xiao_hei_perception Running 
 Container aryan_iros2026_system Recreate 
 Container aryan_iros2026_system Recreated 
 Container aryan_xiao_hei_ai_module Recreate 
 Container aryan_xiao_hei_ai_module Recreated 
 Container aryan_iros2026_system Starting 
 Container aryan_iros2026_system Started 
 Container aryan_xiao_hei_ai_module Starting 
 Container aryan_xiao_hei_ai_module Started 
 Container aryan_xiao_hei_perception Running 
 Container aryan_iros2026_system Running 
 Container aryan_xiao_hei_ai_module Recreate 
 Container aryan_xiao_hei_ai_module Recreated 
 Container aryan_xiao_hei_ai_module Starting 
 Container aryan_xiao_hei_ai_module Started 
saved /home/ubuntu/workspace/aryan/xiao-hei-vln-cmu/exploration_logs/live_rviz/home_building_1/wall_follow_done_20260722T074155Z.png (1024, 768)
{
  "gt_coverage": 0.7419430722183016,
  "mapped_coverage": 0.7642907551164432,
  "path_length_m": 56.9588309838083,
  "coverage_per_meter": 0.013025953296499606,
  "n_gt_free": 4251,
  "n_seen": 3154,
  "n_mapped": 3249,
  "n_visited_waypoints": 4,
  "ticks": 95,
  "done_reason": "done",
  "skipped": 36,
  "resolution": 0.2,
  "scene": "home_building_1"
}
score → /home/ubuntu/workspace/aryan/xiao-hei-vln-cmu/exploration_logs/live_rviz/home_building_1/wall_follow_done_20260722T074155Z_score.json
→ done  shot=/home/ubuntu/workspace/aryan/xiao-hei-vln-cmu/exploration_logs/live_rviz/home_building_1/wall_follow_done_20260722T074155Z.png

===== [10/54] scene=home_building_2 algo=nbv (20260722T074604Z) =====
 Container aryan_iros2026_system Recreate 
 Container aryan_xiao_hei_perception Running 
 Container aryan_iros2026_system Recreated 
 Container aryan_xiao_hei_ai_module Recreate 
 Container aryan_xiao_hei_ai_module Recreated 
 Container aryan_iros2026_system Starting 
 Container aryan_iros2026_system Started 
 Container aryan_xiao_hei_ai_module Starting 
 Container aryan_xiao_hei_ai_module Started 
 Container aryan_xiao_hei_perception Running 
 Container aryan_iros2026_system Running 
 Container aryan_xiao_hei_ai_module Recreate 
 Container aryan_xiao_hei_ai_module Recreated 
 Container aryan_xiao_hei_ai_module Starting 
 Container aryan_xiao_hei_ai_module Started 
HARD STOP at 480s — FORCE_DONE dump
saved /home/ubuntu/workspace/aryan/xiao-hei-vln-cmu/exploration_logs/live_rviz/home_building_2/nbv_timeout_20260722T074604Z.png (1024, 768)
{
  "gt_coverage": 0.7888638558094625,
  "mapped_coverage": 0.8255551979401352,
  "path_length_m": 91.74360537137018,
  "coverage_per_meter": 0.008598570468385342,
  "n_gt_free": 3107,
  "n_seen": 2451,
  "n_mapped": 2565,
  "n_visited_waypoints": 20,
  "ticks": 167,
  "done_reason": "timeout",
  "skipped": 51,
  "resolution": 0.2,
  "scene": "home_building_2"
}
score → /home/ubuntu/workspace/aryan/xiao-hei-vln-cmu/exploration_logs/live_rviz/home_building_2/nbv_timeout_20260722T074604Z_score.json
→ timeout  shot=/home/ubuntu/workspace/aryan/xiao-hei-vln-cmu/exploration_logs/live_rviz/home_building_2/nbv_timeout_20260722T074604Z.png

===== [11/54] scene=home_building_2 algo=rrt (20260722T075444Z) =====
 Container aryan_iros2026_system Recreate 
 Container aryan_xiao_hei_perception Running 
 Container aryan_iros2026_system Recreated 
 Container aryan_xiao_hei_ai_module Recreate 
 Container aryan_xiao_hei_ai_module Recreated 
 Container aryan_iros2026_system Starting 
 Container aryan_iros2026_system Started 
 Container aryan_xiao_hei_ai_module Starting 
 Container aryan_xiao_hei_ai_module Started 
 Container aryan_xiao_hei_perception Running 
 Container aryan_iros2026_system Running 
 Container aryan_xiao_hei_ai_module Recreate 
 Container aryan_xiao_hei_ai_module Recreated 
 Container aryan_xiao_hei_ai_module Starting 
 Container aryan_xiao_hei_ai_module Started 
saved /home/ubuntu/workspace/aryan/xiao-hei-vln-cmu/exploration_logs/live_rviz/home_building_2/rrt_done_20260722T075444Z.png (1024, 768)
{
  "gt_coverage": 0.7087222401029932,
  "mapped_coverage": 0.8091406501448343,
  "path_length_m": 33.573643600944266,
  "coverage_per_meter": 0.021109482441847936,
  "n_gt_free": 3107,
  "n_seen": 2202,
  "n_mapped": 2514,
  "n_visited_waypoints": 8,
  "ticks": 130,
  "done_reason": "done",
  "skipped": 42,
  "resolution": 0.2,
  "scene": "home_building_2"
}
score → /home/ubuntu/workspace/aryan/xiao-hei-vln-cmu/exploration_logs/live_rviz/home_building_2/rrt_done_20260722T075444Z_score.json
→ done  shot=/home/ubuntu/workspace/aryan/xiao-hei-vln-cmu/exploration_logs/live_rviz/home_building_2/rrt_done_20260722T075444Z.png

===== [12/54] scene=home_building_2 algo=wall_follow (20260722T080117Z) =====
 Container aryan_xiao_hei_perception Running 
 Container aryan_iros2026_system Recreate 
 Container aryan_iros2026_system Recreated 
 Container aryan_xiao_hei_ai_module Recreate 
 Container aryan_xiao_hei_ai_module Recreated 
 Container aryan_iros2026_system Starting 
 Container aryan_iros2026_system Started 
 Container aryan_xiao_hei_ai_module Starting 
 Container aryan_xiao_hei_ai_module Started 
 Container aryan_iros2026_system Running 
 Container aryan_xiao_hei_perception Running 
 Container aryan_xiao_hei_ai_module Recreate 
 Container aryan_xiao_hei_ai_module Recreated 
 Container aryan_xiao_hei_ai_module Starting 
 Container aryan_xiao_hei_ai_module Started 
HARD STOP at 480s — FORCE_DONE dump
saved /home/ubuntu/workspace/aryan/xiao-hei-vln-cmu/exploration_logs/live_rviz/home_building_2/wall_follow_timeout_20260722T080117Z.png (1024, 768)
{
  "gt_coverage": 0.8310267138719022,
  "mapped_coverage": 0.8455101383971677,
  "path_length_m": 115.45899077900323,
  "coverage_per_meter": 0.007197592047747471,
  "n_gt_free": 3107,
  "n_seen": 2582,
  "n_mapped": 2627,
  "n_visited_waypoints": 10,
  "ticks": 165,
  "done_reason": "timeout",
  "skipped": 64,
  "resolution": 0.2,
  "scene": "home_building_2"
}
score → /home/ubuntu/workspace/aryan/xiao-hei-vln-cmu/exploration_logs/live_rviz/home_building_2/wall_follow_timeout_20260722T080117Z_score.json
→ timeout  shot=/home/ubuntu/workspace/aryan/xiao-hei-vln-cmu/exploration_logs/live_rviz/home_building_2/wall_follow_timeout_20260722T080117Z.png

===== [13/54] scene=hotel_room_1 algo=nbv (20260722T081000Z) =====
 Container aryan_iros2026_system Recreate 
 Container aryan_xiao_hei_perception Running 
 Container aryan_iros2026_system Recreated 
 Container aryan_xiao_hei_ai_module Recreate 
 Container aryan_xiao_hei_ai_module Recreated 
 Container aryan_iros2026_system Starting 
 Container aryan_iros2026_system Started 
 Container aryan_xiao_hei_ai_module Starting 
 Container aryan_xiao_hei_ai_module Started 
 Container aryan_xiao_hei_perception Running 
 Container aryan_iros2026_system Running 
 Container aryan_xiao_hei_ai_module Recreate 
 Container aryan_xiao_hei_ai_module Recreated 
 Container aryan_xiao_hei_ai_module Starting 
 Container aryan_xiao_hei_ai_module Started 
saved /home/ubuntu/workspace/aryan/xiao-hei-vln-cmu/exploration_logs/live_rviz/hotel_room_1/nbv_done_20260722T081000Z.png (1024, 768)
{
  "gt_coverage": 0.9867724867724867,
  "mapped_coverage": 0.8690476190476191,
  "path_length_m": 45.22327091648327,
  "coverage_per_meter": 0.02182001581873242,
  "n_gt_free": 756,
  "n_seen": 746,
  "n_mapped": 657,
  "n_visited_waypoints": 7,
  "ticks": 200,
  "done_reason": "done",
  "skipped": 65,
  "resolution": 0.2,
  "scene": "hotel_room_1"
}
score → /home/ubuntu/workspace/aryan/xiao-hei-vln-cmu/exploration_logs/live_rviz/hotel_room_1/nbv_done_20260722T081000Z_score.json
→ done  shot=/home/ubuntu/workspace/aryan/xiao-hei-vln-cmu/exploration_logs/live_rviz/hotel_room_1/nbv_done_20260722T081000Z.png

===== [14/54] scene=hotel_room_1 algo=rrt (20260722T081633Z) =====
 Container aryan_iros2026_system Recreate 
 Container aryan_xiao_hei_perception Running 
 Container aryan_iros2026_system Recreated 
 Container aryan_xiao_hei_ai_module Recreate 
 Container aryan_xiao_hei_ai_module Recreated 
 Container aryan_iros2026_system Starting 
 Container aryan_iros2026_system Started 
 Container aryan_xiao_hei_ai_module Starting 
 Container aryan_xiao_hei_ai_module Started 
 Container aryan_xiao_hei_perception Running 
 Container aryan_iros2026_system Running 
 Container aryan_xiao_hei_ai_module Recreate 
 Container aryan_xiao_hei_ai_module Recreated 
 Container aryan_xiao_hei_ai_module Starting 
 Container aryan_xiao_hei_ai_module Started 
saved /home/ubuntu/workspace/aryan/xiao-hei-vln-cmu/exploration_logs/live_rviz/hotel_room_1/rrt_done_20260722T081633Z.png (1024, 768)
{
  "gt_coverage": 0.794973544973545,
  "mapped_coverage": 0.8822751322751323,
  "path_length_m": 21.10655773023773,
  "coverage_per_meter": 0.03766476538401371,
  "n_gt_free": 756,
  "n_seen": 601,
  "n_mapped": 667,
  "n_visited_waypoints": 2,
  "ticks": 128,
  "done_reason": "done",
  "skipped": 46,
  "resolution": 0.2,
  "scene": "hotel_room_1"
}
score → /home/ubuntu/workspace/aryan/xiao-hei-vln-cmu/exploration_logs/live_rviz/hotel_room_1/rrt_done_20260722T081633Z_score.json
→ done  shot=/home/ubuntu/workspace/aryan/xiao-hei-vln-cmu/exploration_logs/live_rviz/hotel_room_1/rrt_done_20260722T081633Z.png

===== [15/54] scene=hotel_room_1 algo=wall_follow (20260722T082122Z) =====
 Container aryan_iros2026_system Recreate 
 Container aryan_xiao_hei_perception Running 
 Container aryan_iros2026_system Recreated 
 Container aryan_xiao_hei_ai_module Recreate 
 Container aryan_xiao_hei_ai_module Recreated 
 Container aryan_iros2026_system Starting 
 Container aryan_iros2026_system Started 
 Container aryan_xiao_hei_ai_module Starting 
 Container aryan_xiao_hei_ai_module Started 
 Container aryan_xiao_hei_perception Running 
 Container aryan_iros2026_system Running 
 Container aryan_xiao_hei_ai_module Recreate 
 Container aryan_xiao_hei_ai_module Recreated 
 Container aryan_xiao_hei_ai_module Starting 
 Container aryan_xiao_hei_ai_module Started 
saved /home/ubuntu/workspace/aryan/xiao-hei-vln-cmu/exploration_logs/live_rviz/hotel_room_1/wall_follow_done_20260722T082122Z.png (1024, 768)
{
  "gt_coverage": 0.5119047619047619,
  "mapped_coverage": 0.3888888888888889,
  "path_length_m": 0.03186089892497505,
  "coverage_per_meter": 16.066865003092904,
  "n_gt_free": 756,
  "n_seen": 387,
  "n_mapped": 294,
  "n_visited_waypoints": 0,
  "ticks": 2,
  "done_reason": "done",
  "skipped": 1,
  "resolution": 0.2,
  "scene": "hotel_room_1"
}
score → /home/ubuntu/workspace/aryan/xiao-hei-vln-cmu/exploration_logs/live_rviz/hotel_room_1/wall_follow_done_20260722T082122Z_score.json
→ done  shot=/home/ubuntu/workspace/aryan/xiao-hei-vln-cmu/exploration_logs/live_rviz/hotel_room_1/wall_follow_done_20260722T082122Z.png

===== [16/54] scene=hotel_room_2 algo=nbv (20260722T082204Z) =====
 Container aryan_iros2026_system Recreate 
 Container aryan_xiao_hei_perception Running 
 Container aryan_iros2026_system Recreated 
 Container aryan_xiao_hei_ai_module Recreate 
 Container aryan_xiao_hei_ai_module Recreated 
 Container aryan_iros2026_system Starting 
 Container aryan_iros2026_system Started 
 Container aryan_xiao_hei_ai_module Starting 
 Container aryan_xiao_hei_ai_module Started 
 Container aryan_iros2026_system Running 
 Container aryan_xiao_hei_perception Running 
 Container aryan_xiao_hei_ai_module Recreate 
 Container aryan_xiao_hei_ai_module Recreated 
 Container aryan_xiao_hei_ai_module Starting 
 Container aryan_xiao_hei_ai_module Started 
saved /home/ubuntu/workspace/aryan/xiao-hei-vln-cmu/exploration_logs/live_rviz/hotel_room_2/nbv_done_20260722T082204Z.png (1024, 768)
{
  "gt_coverage": 0.8878718535469108,
  "mapped_coverage": 0.2974828375286041,
  "path_length_m": 7.273527336907974,
  "coverage_per_meter": 0.12206895120082839,
  "n_gt_free": 437,
  "n_seen": 388,
  "n_mapped": 130,
  "n_visited_waypoints": 8,
  "ticks": 93,
  "done_reason": "done",
  "skipped": 26,
  "resolution": 0.2,
  "scene": "hotel_room_2"
}
score → /home/ubuntu/workspace/aryan/xiao-hei-vln-cmu/exploration_logs/live_rviz/hotel_room_2/nbv_done_20260722T082204Z_score.json
→ done  shot=/home/ubuntu/workspace/aryan/xiao-hei-vln-cmu/exploration_logs/live_rviz/hotel_room_2/nbv_done_20260722T082204Z.png

===== [17/54] scene=hotel_room_2 algo=rrt (20260722T082506Z) =====
 Container aryan_xiao_hei_perception Running 
 Container aryan_iros2026_system Recreate 
 Container aryan_iros2026_system Recreated 
 Container aryan_xiao_hei_ai_module Recreate 
 Container aryan_xiao_hei_ai_module Recreated 
 Container aryan_iros2026_system Starting 
 Container aryan_iros2026_system Started 
 Container aryan_xiao_hei_ai_module Starting 
 Container aryan_xiao_hei_ai_module Started 
 Container aryan_iros2026_system Running 
 Container aryan_xiao_hei_perception Running 
 Container aryan_xiao_hei_ai_module Recreate 
 Container aryan_xiao_hei_ai_module Recreated 
 Container aryan_xiao_hei_ai_module Starting 
 Container aryan_xiao_hei_ai_module Started 
saved /home/ubuntu/workspace/aryan/xiao-hei-vln-cmu/exploration_logs/live_rviz/hotel_room_2/rrt_done_20260722T082506Z.png (1024, 768)
{
  "gt_coverage": 0.7231121281464531,
  "mapped_coverage": 0.5697940503432495,
  "path_length_m": 9.504457461613791,
  "coverage_per_meter": 0.07608136824925867,
  "n_gt_free": 437,
  "n_seen": 316,
  "n_mapped": 249,
  "n_visited_waypoints": 3,
  "ticks": 71,
  "done_reason": "done",
  "skipped": 25,
  "resolution": 0.2,
  "scene": "hotel_room_2"
}
score → /home/ubuntu/workspace/aryan/xiao-hei-vln-cmu/exploration_logs/live_rviz/hotel_room_2/rrt_done_20260722T082506Z_score.json
→ done  shot=/home/ubuntu/workspace/aryan/xiao-hei-vln-cmu/exploration_logs/live_rviz/hotel_room_2/rrt_done_20260722T082506Z.png

===== [18/54] scene=hotel_room_2 algo=wall_follow (20260722T082915Z) =====
 Container aryan_xiao_hei_perception Running 
 Container aryan_iros2026_system Recreate 
 Container aryan_iros2026_system Recreated 
 Container aryan_xiao_hei_ai_module Recreate 
 Container aryan_xiao_hei_ai_module Recreated 
 Container aryan_iros2026_system Starting 
 Container aryan_iros2026_system Started 
 Container aryan_xiao_hei_ai_module Starting 
 Container aryan_xiao_hei_ai_module Started 
 Container aryan_iros2026_system Running 
 Container aryan_xiao_hei_perception Running 
 Container aryan_xiao_hei_ai_module Recreate 
 Container aryan_xiao_hei_ai_module Recreated 
 Container aryan_xiao_hei_ai_module Starting 
 Container aryan_xiao_hei_ai_module Started 
HARD STOP at 480s — FORCE_DONE dump
saved /home/ubuntu/workspace/aryan/xiao-hei-vln-cmu/exploration_logs/live_rviz/hotel_room_2/wall_follow_timeout_20260722T082915Z.png (1024, 768)
{
  "gt_coverage": 0.9565217391304348,
  "mapped_coverage": 0.37299771167048057,
  "path_length_m": 35.613392892698954,
  "coverage_per_meter": 0.026858483885890294,
  "n_gt_free": 437,
  "n_seen": 418,
  "n_mapped": 163,
  "n_visited_waypoints": 21,
  "ticks": 194,
  "done_reason": "timeout",
  "skipped": 62,
  "resolution": 0.2,
  "scene": "hotel_room_2"
}
score → /home/ubuntu/workspace/aryan/xiao-hei-vln-cmu/exploration_logs/live_rviz/hotel_room_2/wall_follow_timeout_20260722T082915Z_score.json
→ timeout  shot=/home/ubuntu/workspace/aryan/xiao-hei-vln-cmu/exploration_logs/live_rviz/hotel_room_2/wall_follow_timeout_20260722T082915Z.png

===== [19/54] scene=japanese_room algo=nbv (20260722T083757Z) =====
 Container aryan_iros2026_system Recreate 
 Container aryan_xiao_hei_perception Running 
 Container aryan_iros2026_system Recreated 
 Container aryan_xiao_hei_ai_module Recreate 
 Container aryan_xiao_hei_ai_module Recreated 
 Container aryan_iros2026_system Starting 
 Container aryan_iros2026_system Started 
 Container aryan_xiao_hei_ai_module Starting 
 Container aryan_xiao_hei_ai_module Started 
 Container aryan_iros2026_system Running 
 Container aryan_xiao_hei_perception Running 
 Container aryan_xiao_hei_ai_module Recreate 
 Container aryan_xiao_hei_ai_module Recreated 
 Container aryan_xiao_hei_ai_module Starting 
 Container aryan_xiao_hei_ai_module Started 
HARD STOP at 480s — FORCE_DONE dump
saved /home/ubuntu/workspace/aryan/xiao-hei-vln-cmu/exploration_logs/live_rviz/japanese_room/nbv_timeout_20260722T083757Z.png (1024, 768)
{
  "gt_coverage": 1.0,
  "mapped_coverage": 0.75625,
  "path_length_m": 36.60247559777928,
  "coverage_per_meter": 0.027320556428720662,
  "n_gt_free": 480,
  "n_seen": 480,
  "n_mapped": 363,
  "n_visited_waypoints": 8,
  "ticks": 148,
  "done_reason": "timeout",
  "skipped": 50,
  "resolution": 0.2,
  "scene": "japanese_room"
}
score → /home/ubuntu/workspace/aryan/xiao-hei-vln-cmu/exploration_logs/live_rviz/japanese_room/nbv_timeout_20260722T083757Z_score.json
→ timeout  shot=/home/ubuntu/workspace/aryan/xiao-hei-vln-cmu/exploration_logs/live_rviz/japanese_room/nbv_timeout_20260722T083757Z.png

===== [20/54] scene=japanese_room algo=rrt (20260722T084640Z) =====
 Container aryan_iros2026_system Recreate 
 Container aryan_xiao_hei_perception Running 
 Container aryan_iros2026_system Recreated 
 Container aryan_xiao_hei_ai_module Recreate 
 Container aryan_xiao_hei_ai_module Recreated 
 Container aryan_iros2026_system Starting 
 Container aryan_iros2026_system Started 
 Container aryan_xiao_hei_ai_module Starting 
 Container aryan_xiao_hei_ai_module Started 
 Container aryan_xiao_hei_perception Running 
 Container aryan_iros2026_system Running 
 Container aryan_xiao_hei_ai_module Recreate 
 Container aryan_xiao_hei_ai_module Recreated 
 Container aryan_xiao_hei_ai_module Starting 
 Container aryan_xiao_hei_ai_module Started 
saved /home/ubuntu/workspace/aryan/xiao-hei-vln-cmu/exploration_logs/live_rviz/japanese_room/rrt_done_20260722T084640Z.png (1024, 768)
{
  "gt_coverage": 1.0,
  "mapped_coverage": 0.83125,
  "path_length_m": 34.150654278643806,
  "coverage_per_meter": 0.02928201585365679,
  "n_gt_free": 480,
  "n_seen": 480,
  "n_mapped": 399,
  "n_visited_waypoints": 5,
  "ticks": 117,
  "done_reason": "done",
  "skipped": 43,
  "resolution": 0.2,
  "scene": "japanese_room"
}
score → /home/ubuntu/workspace/aryan/xiao-hei-vln-cmu/exploration_logs/live_rviz/japanese_room/rrt_done_20260722T084640Z_score.json
→ done  shot=/home/ubuntu/workspace/aryan/xiao-hei-vln-cmu/exploration_logs/live_rviz/japanese_room/rrt_done_20260722T084640Z.png

===== [21/54] scene=japanese_room algo=wall_follow (20260722T085359Z) =====
 Container aryan_iros2026_system Recreate 
 Container aryan_xiao_hei_perception Running 
 Container aryan_iros2026_system Recreated 
 Container aryan_xiao_hei_ai_module Recreate 
 Container aryan_xiao_hei_ai_module Recreated 
 Container aryan_iros2026_system Starting 
 Container aryan_iros2026_system Started 
 Container aryan_xiao_hei_ai_module Starting 
 Container aryan_xiao_hei_ai_module Started 
 Container aryan_xiao_hei_perception Running 
 Container aryan_iros2026_system Running 
 Container aryan_xiao_hei_ai_module Recreate 
 Container aryan_xiao_hei_ai_module Recreated 
 Container aryan_xiao_hei_ai_module Starting 
 Container aryan_xiao_hei_ai_module Started 
HARD STOP at 480s — FORCE_DONE dump
saved /home/ubuntu/workspace/aryan/xiao-hei-vln-cmu/exploration_logs/live_rviz/japanese_room/wall_follow_timeout_20260722T085359Z.png (1024, 768)
{
  "gt_coverage": 1.0,
  "mapped_coverage": 0.33125,
  "path_length_m": 73.07051960096038,
  "coverage_per_meter": 0.013685409731051876,
  "n_gt_free": 480,
  "n_seen": 480,
  "n_mapped": 159,
  "n_visited_waypoints": 28,
  "ticks": 141,
  "done_reason": "timeout",
  "skipped": 44,
  "resolution": 0.2,
  "scene": "japanese_room"
}
score → /home/ubuntu/workspace/aryan/xiao-hei-vln-cmu/exploration_logs/live_rviz/japanese_room/wall_follow_timeout_20260722T085359Z_score.json
→ timeout  shot=/home/ubuntu/workspace/aryan/xiao-hei-vln-cmu/exploration_logs/live_rviz/japanese_room/wall_follow_timeout_20260722T085359Z.png

===== [22/54] scene=livingroom_1 algo=nbv (20260722T090241Z) =====
 Container aryan_iros2026_system Recreate 
 Container aryan_xiao_hei_perception Running 
 Container aryan_iros2026_system Recreated 
 Container aryan_xiao_hei_ai_module Recreate 
 Container aryan_xiao_hei_ai_module Recreated 
 Container aryan_iros2026_system Starting 
 Container aryan_iros2026_system Started 
 Container aryan_xiao_hei_ai_module Starting 
 Container aryan_xiao_hei_ai_module Started 
 Container aryan_iros2026_system Running 
 Container aryan_xiao_hei_perception Running 
 Container aryan_xiao_hei_ai_module Recreate 
 Container aryan_xiao_hei_ai_module Recreated 
 Container aryan_xiao_hei_ai_module Starting 
 Container aryan_xiao_hei_ai_module Started 
saved /home/ubuntu/workspace/aryan/xiao-hei-vln-cmu/exploration_logs/live_rviz/livingroom_1/nbv_done_20260722T090241Z.png (1024, 768)
{
  "gt_coverage": 0.8518024032042724,
  "mapped_coverage": 0.8678237650200267,
  "path_length_m": 29.06662305998771,
  "coverage_per_meter": 0.029305172515098236,
  "n_gt_free": 749,
  "n_seen": 638,
  "n_mapped": 650,
  "n_visited_waypoints": 6,
  "ticks": 74,
  "done_reason": "done",
  "skipped": 28,
  "resolution": 0.2,
  "scene": "livingroom_1"
}
score → /home/ubuntu/workspace/aryan/xiao-hei-vln-cmu/exploration_logs/live_rviz/livingroom_1/nbv_done_20260722T090241Z_score.json
→ done  shot=/home/ubuntu/workspace/aryan/xiao-hei-vln-cmu/exploration_logs/live_rviz/livingroom_1/nbv_done_20260722T090241Z.png

===== [23/54] scene=livingroom_1 algo=rrt (20260722T090819Z) =====
 Container aryan_iros2026_system Recreate 
 Container aryan_xiao_hei_perception Running 
 Container aryan_iros2026_system Recreated 
 Container aryan_xiao_hei_ai_module Recreate 
 Container aryan_xiao_hei_ai_module Recreated 
 Container aryan_iros2026_system Starting 
 Container aryan_iros2026_system Started 
 Container aryan_xiao_hei_ai_module Starting 
 Container aryan_xiao_hei_ai_module Started 
 Container aryan_xiao_hei_perception Running 
 Container aryan_iros2026_system Running 
 Container aryan_xiao_hei_ai_module Recreate 
 Container aryan_xiao_hei_ai_module Recreated 
 Container aryan_xiao_hei_ai_module Starting 
 Container aryan_xiao_hei_ai_module Started 
HARD STOP at 480s — FORCE_DONE dump
saved /home/ubuntu/workspace/aryan/xiao-hei-vln-cmu/exploration_logs/live_rviz/livingroom_1/rrt_timeout_20260722T090819Z.png (1024, 768)
{
  "gt_coverage": 0.8331108144192256,
  "mapped_coverage": 0.822429906542056,
  "path_length_m": 25.95533906963766,
  "coverage_per_meter": 0.032097859025613414,
  "n_gt_free": 749,
  "n_seen": 624,
  "n_mapped": 616,
  "n_visited_waypoints": 9,
  "ticks": 121,
  "done_reason": "timeout",
  "skipped": 45,
  "resolution": 0.2,
  "scene": "livingroom_1"
}
score → /home/ubuntu/workspace/aryan/xiao-hei-vln-cmu/exploration_logs/live_rviz/livingroom_1/rrt_timeout_20260722T090819Z_score.json
→ timeout  shot=/home/ubuntu/workspace/aryan/xiao-hei-vln-cmu/exploration_logs/live_rviz/livingroom_1/rrt_timeout_20260722T090819Z.png

===== [24/54] scene=livingroom_1 algo=wall_follow (20260722T091701Z) =====
 Container aryan_iros2026_system Recreate 
 Container aryan_xiao_hei_perception Running 
 Container aryan_iros2026_system Recreated 
 Container aryan_xiao_hei_ai_module Recreate 
 Container aryan_xiao_hei_ai_module Recreated 
 Container aryan_iros2026_system Starting 
 Container aryan_iros2026_system Started 
 Container aryan_xiao_hei_ai_module Starting 
 Container aryan_xiao_hei_ai_module Started 
 Container aryan_xiao_hei_perception Running 
 Container aryan_iros2026_system Running 
 Container aryan_xiao_hei_ai_module Recreate 
 Container aryan_xiao_hei_ai_module Recreated 
 Container aryan_xiao_hei_ai_module Starting 
 Container aryan_xiao_hei_ai_module Started 
HARD STOP at 480s — FORCE_DONE dump
saved /home/ubuntu/workspace/aryan/xiao-hei-vln-cmu/exploration_logs/live_rviz/livingroom_1/wall_follow_timeout_20260722T091701Z.png (1024, 768)
{
  "gt_coverage": 0.8718291054739653,
  "mapped_coverage": 0.465954606141522,
  "path_length_m": 63.74022615357009,
  "coverage_per_meter": 0.013677847696577934,
  "n_gt_free": 749,
  "n_seen": 653,
  "n_mapped": 349,
  "n_visited_waypoints": 24,
  "ticks": 111,
  "done_reason": "timeout",
  "skipped": 39,
  "resolution": 0.2,
  "scene": "livingroom_1"
}
score → /home/ubuntu/workspace/aryan/xiao-hei-vln-cmu/exploration_logs/live_rviz/livingroom_1/wall_follow_timeout_20260722T091701Z_score.json
→ timeout  shot=/home/ubuntu/workspace/aryan/xiao-hei-vln-cmu/exploration_logs/live_rviz/livingroom_1/wall_follow_timeout_20260722T091701Z.png

===== [25/54] scene=livingroom_2 algo=nbv (20260722T092543Z) =====
 Container aryan_iros2026_system Recreate 
 Container aryan_xiao_hei_perception Running 
 Container aryan_iros2026_system Recreated 
 Container aryan_xiao_hei_ai_module Recreate 
 Container aryan_xiao_hei_ai_module Recreated 
 Container aryan_iros2026_system Starting 
 Container aryan_iros2026_system Started 
 Container aryan_xiao_hei_ai_module Starting 
 Container aryan_xiao_hei_ai_module Started 
 Container aryan_iros2026_system Running 
 Container aryan_xiao_hei_perception Running 
 Container aryan_xiao_hei_ai_module Recreate 
 Container aryan_xiao_hei_ai_module Recreated 
 Container aryan_xiao_hei_ai_module Starting 
 Container aryan_xiao_hei_ai_module Started 
HARD STOP at 480s — FORCE_DONE dump
saved /home/ubuntu/workspace/aryan/xiao-hei-vln-cmu/exploration_logs/live_rviz/livingroom_2/nbv_timeout_20260722T092543Z.png (1024, 768)
{
  "gt_coverage": 0.98989898989899,
  "mapped_coverage": 0.872895622895623,
  "path_length_m": 98.68987269678861,
  "coverage_per_meter": 0.010030400920065241,
  "n_gt_free": 1188,
  "n_seen": 1176,
  "n_mapped": 1037,
  "n_visited_waypoints": 15,
  "ticks": 244,
  "done_reason": "timeout",
  "skipped": 69,
  "resolution": 0.2,
  "scene": "livingroom_2"
}
score → /home/ubuntu/workspace/aryan/xiao-hei-vln-cmu/exploration_logs/live_rviz/livingroom_2/nbv_timeout_20260722T092543Z_score.json
→ timeout  shot=/home/ubuntu/workspace/aryan/xiao-hei-vln-cmu/exploration_logs/live_rviz/livingroom_2/nbv_timeout_20260722T092543Z.png

===== [26/54] scene=livingroom_2 algo=rrt (20260722T093424Z) =====
 Container aryan_iros2026_system Recreate 
 Container aryan_xiao_hei_perception Running 
 Container aryan_iros2026_system Recreated 
 Container aryan_xiao_hei_ai_module Recreate 
 Container aryan_xiao_hei_ai_module Recreated 
 Container aryan_iros2026_system Starting 
 Container aryan_iros2026_system Started 
 Container aryan_xiao_hei_ai_module Starting 
 Container aryan_xiao_hei_ai_module Started 
 Container aryan_xiao_hei_perception Running 
 Container aryan_iros2026_system Running 
 Container aryan_xiao_hei_ai_module Recreate 
 Container aryan_xiao_hei_ai_module Recreated 
 Container aryan_xiao_hei_ai_module Starting 
 Container aryan_xiao_hei_ai_module Started 
saved /home/ubuntu/workspace/aryan/xiao-hei-vln-cmu/exploration_logs/live_rviz/livingroom_2/rrt_done_20260722T093424Z.png (1024, 768)
{
  "gt_coverage": 0.49747474747474746,
  "mapped_coverage": 0.5951178451178452,
  "path_length_m": 7.723287470176181,
  "coverage_per_meter": 0.06441230491494307,
  "n_gt_free": 1188,
  "n_seen": 591,
  "n_mapped": 707,
  "n_visited_waypoints": 5,
  "ticks": 66,
  "done_reason": "done",
  "skipped": 27,
  "resolution": 0.2,
  "scene": "livingroom_2"
}
score → /home/ubuntu/workspace/aryan/xiao-hei-vln-cmu/exploration_logs/live_rviz/livingroom_2/rrt_done_20260722T093424Z_score.json
→ done  shot=/home/ubuntu/workspace/aryan/xiao-hei-vln-cmu/exploration_logs/live_rviz/livingroom_2/rrt_done_20260722T093424Z.png

===== [27/54] scene=livingroom_2 algo=wall_follow (20260722T093819Z) =====
 Container aryan_iros2026_system Recreate 
 Container aryan_xiao_hei_perception Running 
 Container aryan_iros2026_system Recreated 
 Container aryan_xiao_hei_ai_module Recreate 
 Container aryan_xiao_hei_ai_module Recreated 
 Container aryan_iros2026_system Starting 
 Container aryan_iros2026_system Started 
 Container aryan_xiao_hei_ai_module Starting 
 Container aryan_xiao_hei_ai_module Started 
 Container aryan_xiao_hei_perception Running 
 Container aryan_iros2026_system Running 
 Container aryan_xiao_hei_ai_module Recreate 
 Container aryan_xiao_hei_ai_module Recreated 
 Container aryan_xiao_hei_ai_module Starting 
 Container aryan_xiao_hei_ai_module Started 
saved /home/ubuntu/workspace/aryan/xiao-hei-vln-cmu/exploration_logs/live_rviz/livingroom_2/wall_follow_done_20260722T093819Z.png (1024, 768)
{
  "gt_coverage": 0.98989898989899,
  "mapped_coverage": 0.9065656565656566,
  "path_length_m": 85.00341229265895,
  "coverage_per_meter": 0.011645402969128563,
  "n_gt_free": 1188,
  "n_seen": 1176,
  "n_mapped": 1077,
  "n_visited_waypoints": 11,
  "ticks": 171,
  "done_reason": "done",
  "skipped": 65,
  "resolution": 0.2,
  "scene": "livingroom_2"
}
score → /home/ubuntu/workspace/aryan/xiao-hei-vln-cmu/exploration_logs/live_rviz/livingroom_2/wall_follow_done_20260722T093819Z_score.json
→ done  shot=/home/ubuntu/workspace/aryan/xiao-hei-vln-cmu/exploration_logs/live_rviz/livingroom_2/wall_follow_done_20260722T093819Z.png

===== [28/54] scene=livingroom_3 algo=nbv (20260722T094514Z) =====
 Container aryan_xiao_hei_perception Running 
 Container aryan_iros2026_system Recreate 
 Container aryan_iros2026_system Recreated 
 Container aryan_xiao_hei_ai_module Recreate 
 Container aryan_xiao_hei_ai_module Recreated 
 Container aryan_iros2026_system Starting 
 Container aryan_iros2026_system Started 
 Container aryan_xiao_hei_ai_module Starting 
 Container aryan_xiao_hei_ai_module Started 
 Container aryan_iros2026_system Running 
 Container aryan_xiao_hei_perception Running 
 Container aryan_xiao_hei_ai_module Recreate 
 Container aryan_xiao_hei_ai_module Recreated 
 Container aryan_xiao_hei_ai_module Starting 
 Container aryan_xiao_hei_ai_module Started 
saved /home/ubuntu/workspace/aryan/xiao-hei-vln-cmu/exploration_logs/live_rviz/livingroom_3/nbv_done_20260722T094514Z.png (1024, 768)
{
  "gt_coverage": 0.926208651399491,
  "mapped_coverage": 0.8295165394402035,
  "path_length_m": 44.35161188840076,
  "coverage_per_meter": 0.020883314314033345,
  "n_gt_free": 1179,
  "n_seen": 1092,
  "n_mapped": 978,
  "n_visited_waypoints": 19,
  "ticks": 110,
  "done_reason": "done",
  "skipped": 32,
  "resolution": 0.2,
  "scene": "livingroom_3"
}
score → /home/ubuntu/workspace/aryan/xiao-hei-vln-cmu/exploration_logs/live_rviz/livingroom_3/nbv_done_20260722T094514Z_score.json
→ done  shot=/home/ubuntu/workspace/aryan/xiao-hei-vln-cmu/exploration_logs/live_rviz/livingroom_3/nbv_done_20260722T094514Z.png

===== [29/54] scene=livingroom_3 algo=rrt (20260722T095057Z) =====
 Container aryan_iros2026_system Recreate 
 Container aryan_xiao_hei_perception Running 
 Container aryan_iros2026_system Recreated 
 Container aryan_xiao_hei_ai_module Recreate 
 Container aryan_xiao_hei_ai_module Recreated 
 Container aryan_iros2026_system Starting 
 Container aryan_iros2026_system Started 
 Container aryan_xiao_hei_ai_module Starting 
 Container aryan_xiao_hei_ai_module Started 
 Container aryan_iros2026_system Running 
 Container aryan_xiao_hei_perception Running 
 Container aryan_xiao_hei_ai_module Recreate 
 Container aryan_xiao_hei_ai_module Recreated 
 Container aryan_xiao_hei_ai_module Starting 
 Container aryan_xiao_hei_ai_module Started 
HARD STOP at 480s — FORCE_DONE dump
saved /home/ubuntu/workspace/aryan/xiao-hei-vln-cmu/exploration_logs/live_rviz/livingroom_3/rrt_timeout_20260722T095057Z.png (1024, 768)
{
  "gt_coverage": 0.9906700593723494,
  "mapped_coverage": 0.816793893129771,
  "path_length_m": 68.17767505452562,
  "coverage_per_meter": 0.014530710508682694,
  "n_gt_free": 1179,
  "n_seen": 1168,
  "n_mapped": 963,
  "n_visited_waypoints": 28,
  "ticks": 201,
  "done_reason": "timeout",
  "skipped": 59,
  "resolution": 0.2,
  "scene": "livingroom_3"
}
score → /home/ubuntu/workspace/aryan/xiao-hei-vln-cmu/exploration_logs/live_rviz/livingroom_3/rrt_timeout_20260722T095057Z_score.json
→ timeout  shot=/home/ubuntu/workspace/aryan/xiao-hei-vln-cmu/exploration_logs/live_rviz/livingroom_3/rrt_timeout_20260722T095057Z.png

===== [30/54] scene=livingroom_3 algo=wall_follow (20260722T095939Z) =====
 Container aryan_xiao_hei_perception Running 
 Container aryan_iros2026_system Recreate 
 Container aryan_iros2026_system Recreated 
 Container aryan_xiao_hei_ai_module Recreate 
 Container aryan_xiao_hei_ai_module Recreated 
 Container aryan_iros2026_system Starting 
 Container aryan_iros2026_system Started 
 Container aryan_xiao_hei_ai_module Starting 
 Container aryan_xiao_hei_ai_module Started 
 Container aryan_xiao_hei_perception Running 
 Container aryan_iros2026_system Running 
 Container aryan_xiao_hei_ai_module Recreate 
 Container aryan_xiao_hei_ai_module Recreated 
 Container aryan_xiao_hei_ai_module Starting 
 Container aryan_xiao_hei_ai_module Started 
HARD STOP at 480s — FORCE_DONE dump
saved /home/ubuntu/workspace/aryan/xiao-hei-vln-cmu/exploration_logs/live_rviz/livingroom_3/wall_follow_timeout_20260722T095939Z.png (1024, 768)
{
  "gt_coverage": 0.9711620016963528,
  "mapped_coverage": 0.7862595419847328,
  "path_length_m": 88.60218094662322,
  "coverage_per_meter": 0.010960926597071145,
  "n_gt_free": 1179,
  "n_seen": 1145,
  "n_mapped": 927,
  "n_visited_waypoints": 17,
  "ticks": 143,
  "done_reason": "timeout",
  "skipped": 50,
  "resolution": 0.2,
  "scene": "livingroom_3"
}
score → /home/ubuntu/workspace/aryan/xiao-hei-vln-cmu/exploration_logs/live_rviz/livingroom_3/wall_follow_timeout_20260722T095939Z_score.json
→ timeout  shot=/home/ubuntu/workspace/aryan/xiao-hei-vln-cmu/exploration_logs/live_rviz/livingroom_3/wall_follow_timeout_20260722T095939Z.png

===== [31/54] scene=livingroom_4 algo=nbv (20260722T100821Z) =====
 Container aryan_iros2026_system Recreate 
 Container aryan_xiao_hei_perception Running 
 Container aryan_iros2026_system Recreated 
 Container aryan_xiao_hei_ai_module Recreate 
 Container aryan_xiao_hei_ai_module Recreated 
 Container aryan_iros2026_system Starting 
 Container aryan_iros2026_system Started 
 Container aryan_xiao_hei_ai_module Starting 
 Container aryan_xiao_hei_ai_module Started 
 Container aryan_xiao_hei_perception Running 
 Container aryan_iros2026_system Running 
 Container aryan_xiao_hei_ai_module Recreate 
 Container aryan_xiao_hei_ai_module Recreated 
 Container aryan_xiao_hei_ai_module Starting 
 Container aryan_xiao_hei_ai_module Started 
saved /home/ubuntu/workspace/aryan/xiao-hei-vln-cmu/exploration_logs/live_rviz/livingroom_4/nbv_done_20260722T100821Z.png (1024, 768)
{
  "gt_coverage": 0.956268221574344,
  "mapped_coverage": 0.8673469387755102,
  "path_length_m": 25.1919809001717,
  "coverage_per_meter": 0.03795923096971808,
  "n_gt_free": 686,
  "n_seen": 656,
  "n_mapped": 595,
  "n_visited_waypoints": 5,
  "ticks": 72,
  "done_reason": "done",
  "skipped": 26,
  "resolution": 0.2,
  "scene": "livingroom_4"
}
score → /home/ubuntu/workspace/aryan/xiao-hei-vln-cmu/exploration_logs/live_rviz/livingroom_4/nbv_done_20260722T100821Z_score.json
→ done  shot=/home/ubuntu/workspace/aryan/xiao-hei-vln-cmu/exploration_logs/live_rviz/livingroom_4/nbv_done_20260722T100821Z.png

===== [32/54] scene=livingroom_4 algo=rrt (20260722T101308Z) =====
 Container aryan_iros2026_system Recreate 
 Container aryan_xiao_hei_perception Running 
 Container aryan_iros2026_system Recreated 
 Container aryan_xiao_hei_ai_module Recreate 
 Container aryan_xiao_hei_ai_module Recreated 
 Container aryan_iros2026_system Starting 
 Container aryan_iros2026_system Started 
 Container aryan_xiao_hei_ai_module Starting 
 Container aryan_xiao_hei_ai_module Started 
 Container aryan_xiao_hei_perception Running 
 Container aryan_iros2026_system Running 
 Container aryan_xiao_hei_ai_module Recreate 
 Container aryan_xiao_hei_ai_module Recreated 
 Container aryan_xiao_hei_ai_module Starting 
 Container aryan_xiao_hei_ai_module Started 
saved /home/ubuntu/workspace/aryan/xiao-hei-vln-cmu/exploration_logs/live_rviz/livingroom_4/rrt_done_20260722T101308Z.png (1024, 768)
{
  "gt_coverage": 0.9620991253644315,
  "mapped_coverage": 0.7900874635568513,
  "path_length_m": 19.49018581403318,
  "coverage_per_meter": 0.04936326079927407,
  "n_gt_free": 686,
  "n_seen": 660,
  "n_mapped": 542,
  "n_visited_waypoints": 8,
  "ticks": 107,
  "done_reason": "done",
  "skipped": 43,
  "resolution": 0.2,
  "scene": "livingroom_4"
}
score → /home/ubuntu/workspace/aryan/xiao-hei-vln-cmu/exploration_logs/live_rviz/livingroom_4/rrt_done_20260722T101308Z_score.json
→ done  shot=/home/ubuntu/workspace/aryan/xiao-hei-vln-cmu/exploration_logs/live_rviz/livingroom_4/rrt_done_20260722T101308Z.png

===== [33/54] scene=livingroom_4 algo=wall_follow (20260722T102017Z) =====
 Container aryan_iros2026_system Recreate 
 Container aryan_xiao_hei_perception Running 
 Container aryan_iros2026_system Recreated 
 Container aryan_xiao_hei_ai_module Recreate 
 Container aryan_xiao_hei_ai_module Recreated 
 Container aryan_iros2026_system Starting 
 Container aryan_iros2026_system Started 
 Container aryan_xiao_hei_ai_module Starting 
 Container aryan_xiao_hei_ai_module Started 
 Container aryan_xiao_hei_perception Running 
 Container aryan_iros2026_system Running 
 Container aryan_xiao_hei_ai_module Recreate 
 Container aryan_xiao_hei_ai_module Recreated 
 Container aryan_xiao_hei_ai_module Starting 
 Container aryan_xiao_hei_ai_module Started 
saved /home/ubuntu/workspace/aryan/xiao-hei-vln-cmu/exploration_logs/live_rviz/livingroom_4/wall_follow_done_20260722T102017Z.png (1024, 768)
{
  "gt_coverage": 0.9635568513119533,
  "mapped_coverage": 0.9795918367346939,
  "path_length_m": 19.065195864407624,
  "coverage_per_meter": 0.0505400971573964,
  "n_gt_free": 686,
  "n_seen": 661,
  "n_mapped": 672,
  "n_visited_waypoints": 1,
  "ticks": 60,
  "done_reason": "done",
  "skipped": 26,
  "resolution": 0.2,
  "scene": "livingroom_4"
}
score → /home/ubuntu/workspace/aryan/xiao-hei-vln-cmu/exploration_logs/live_rviz/livingroom_4/wall_follow_done_20260722T102017Z_score.json
→ done  shot=/home/ubuntu/workspace/aryan/xiao-hei-vln-cmu/exploration_logs/live_rviz/livingroom_4/wall_follow_done_20260722T102017Z.png

===== [34/54] scene=loft algo=nbv (20260722T102434Z) =====
 Container aryan_iros2026_system Recreate 
 Container aryan_xiao_hei_perception Running 
 Container aryan_iros2026_system Recreated 
 Container aryan_xiao_hei_ai_module Recreate 
 Container aryan_xiao_hei_ai_module Recreated 
 Container aryan_iros2026_system Starting 
 Container aryan_iros2026_system Started 
 Container aryan_xiao_hei_ai_module Starting 
 Container aryan_xiao_hei_ai_module Started 
 Container aryan_iros2026_system Running 
 Container aryan_xiao_hei_perception Running 
 Container aryan_xiao_hei_ai_module Recreate 
 Container aryan_xiao_hei_ai_module Recreated 
 Container aryan_xiao_hei_ai_module Starting 
 Container aryan_xiao_hei_ai_module Started 
saved /home/ubuntu/workspace/aryan/xiao-hei-vln-cmu/exploration_logs/live_rviz/loft/nbv_done_20260722T102434Z.png (1024, 768)
{
  "gt_coverage": 0.615606936416185,
  "mapped_coverage": 0.5563583815028902,
  "path_length_m": 20.077981520474367,
  "coverage_per_meter": 0.030660798038310007,
  "n_gt_free": 692,
  "n_seen": 426,
  "n_mapped": 385,
  "n_visited_waypoints": 9,
  "ticks": 83,
  "done_reason": "done",
  "skipped": 31,
  "resolution": 0.2,
  "scene": "loft"
}
score → /home/ubuntu/workspace/aryan/xiao-hei-vln-cmu/exploration_logs/live_rviz/loft/nbv_done_20260722T102434Z_score.json
→ done  shot=/home/ubuntu/workspace/aryan/xiao-hei-vln-cmu/exploration_logs/live_rviz/loft/nbv_done_20260722T102434Z.png

===== [35/54] scene=loft algo=rrt (20260722T102857Z) =====
 Container aryan_iros2026_system Recreate 
 Container aryan_xiao_hei_perception Running 
 Container aryan_iros2026_system Recreated 
 Container aryan_xiao_hei_ai_module Recreate 
 Container aryan_xiao_hei_ai_module Recreated 
 Container aryan_iros2026_system Starting 
 Container aryan_iros2026_system Started 
 Container aryan_xiao_hei_ai_module Starting 
 Container aryan_xiao_hei_ai_module Started 
 Container aryan_iros2026_system Running 
 Container aryan_xiao_hei_perception Running 
 Container aryan_xiao_hei_ai_module Recreate 
 Container aryan_xiao_hei_ai_module Recreated 
 Container aryan_xiao_hei_ai_module Starting 
 Container aryan_xiao_hei_ai_module Started 
saved /home/ubuntu/workspace/aryan/xiao-hei-vln-cmu/exploration_logs/live_rviz/loft/rrt_done_20260722T102857Z.png (1024, 768)
{
  "gt_coverage": 0.615606936416185,
  "mapped_coverage": 0.6040462427745664,
  "path_length_m": 18.44982328038332,
  "coverage_per_meter": 0.033366549210838564,
  "n_gt_free": 692,
  "n_seen": 426,
  "n_mapped": 418,
  "n_visited_waypoints": 6,
  "ticks": 101,
  "done_reason": "done",
  "skipped": 33,
  "resolution": 0.2,
  "scene": "loft"
}
score → /home/ubuntu/workspace/aryan/xiao-hei-vln-cmu/exploration_logs/live_rviz/loft/rrt_done_20260722T102857Z_score.json
→ done  shot=/home/ubuntu/workspace/aryan/xiao-hei-vln-cmu/exploration_logs/live_rviz/loft/rrt_done_20260722T102857Z.png

===== [36/54] scene=loft algo=wall_follow (20260722T103415Z) =====
 Container aryan_xiao_hei_perception Running 
 Container aryan_iros2026_system Recreate 
 Container aryan_iros2026_system Recreated 
 Container aryan_xiao_hei_ai_module Recreate 
 Container aryan_xiao_hei_ai_module Recreated 
 Container aryan_iros2026_system Starting 
 Container aryan_iros2026_system Started 
 Container aryan_xiao_hei_ai_module Starting 
 Container aryan_xiao_hei_ai_module Started 
 Container aryan_iros2026_system Running 
 Container aryan_xiao_hei_perception Running 
 Container aryan_xiao_hei_ai_module Recreate 
 Container aryan_xiao_hei_ai_module Recreated 
 Container aryan_xiao_hei_ai_module Starting 
 Container aryan_xiao_hei_ai_module Started 
HARD STOP at 480s — FORCE_DONE dump
saved /home/ubuntu/workspace/aryan/xiao-hei-vln-cmu/exploration_logs/live_rviz/loft/wall_follow_timeout_20260722T103415Z.png (1024, 768)
{
  "gt_coverage": 0.9523121387283237,
  "mapped_coverage": 0.7716763005780347,
  "path_length_m": 25.745750987332283,
  "coverage_per_meter": 0.03698909925746159,
  "n_gt_free": 692,
  "n_seen": 659,
  "n_mapped": 534,
  "n_visited_waypoints": 12,
  "ticks": 138,
  "done_reason": "timeout",
  "skipped": 56,
  "resolution": 0.2,
  "scene": "loft"
}
score → /home/ubuntu/workspace/aryan/xiao-hei-vln-cmu/exploration_logs/live_rviz/loft/wall_follow_timeout_20260722T103415Z_score.json
→ timeout  shot=/home/ubuntu/workspace/aryan/xiao-hei-vln-cmu/exploration_logs/live_rviz/loft/wall_follow_timeout_20260722T103415Z.png

===== [37/54] scene=office_1 algo=nbv (20260722T104256Z) =====
 Container aryan_iros2026_system Recreate 
 Container aryan_xiao_hei_perception Running 
 Container aryan_iros2026_system Recreated 
 Container aryan_xiao_hei_ai_module Recreate 
 Container aryan_xiao_hei_ai_module Recreated 
 Container aryan_iros2026_system Starting 
 Container aryan_iros2026_system Started 
 Container aryan_xiao_hei_ai_module Starting 
 Container aryan_xiao_hei_ai_module Started 
 Container aryan_iros2026_system Running 
 Container aryan_xiao_hei_perception Running 
 Container aryan_xiao_hei_ai_module Recreate 
 Container aryan_xiao_hei_ai_module Recreated 
 Container aryan_xiao_hei_ai_module Starting 
 Container aryan_xiao_hei_ai_module Started 
saved /home/ubuntu/workspace/aryan/xiao-hei-vln-cmu/exploration_logs/live_rviz/office_1/nbv_done_20260722T104256Z.png (1024, 768)
{
  "gt_coverage": 0.9631284916201117,
  "mapped_coverage": 0.8837988826815643,
  "path_length_m": 31.40986954969474,
  "coverage_per_meter": 0.03066324392389818,
  "n_gt_free": 895,
  "n_seen": 862,
  "n_mapped": 791,
  "n_visited_waypoints": 7,
  "ticks": 131,
  "done_reason": "done",
  "skipped": 36,
  "resolution": 0.2,
  "scene": "office_1"
}
score → /home/ubuntu/workspace/aryan/xiao-hei-vln-cmu/exploration_logs/live_rviz/office_1/nbv_done_20260722T104256Z_score.json
→ done  shot=/home/ubuntu/workspace/aryan/xiao-hei-vln-cmu/exploration_logs/live_rviz/office_1/nbv_done_20260722T104256Z.png

===== [38/54] scene=office_1 algo=rrt (20260722T104739Z) =====
 Container aryan_iros2026_system Recreate 
 Container aryan_xiao_hei_perception Running 
 Container aryan_iros2026_system Recreated 
 Container aryan_xiao_hei_ai_module Recreate 
 Container aryan_xiao_hei_ai_module Recreated 
 Container aryan_iros2026_system Starting 
 Container aryan_iros2026_system Started 
 Container aryan_xiao_hei_ai_module Starting 
 Container aryan_xiao_hei_ai_module Started 
 Container aryan_iros2026_system Running 
 Container aryan_xiao_hei_perception Running 
 Container aryan_xiao_hei_ai_module Recreate 
 Container aryan_xiao_hei_ai_module Recreated 
 Container aryan_xiao_hei_ai_module Starting 
 Container aryan_xiao_hei_ai_module Started 
saved /home/ubuntu/workspace/aryan/xiao-hei-vln-cmu/exploration_logs/live_rviz/office_1/rrt_done_20260722T104739Z.png (1024, 768)
{
  "gt_coverage": 0.8726256983240224,
  "mapped_coverage": 0.9553072625698324,
  "path_length_m": 26.114756941402295,
  "coverage_per_meter": 0.03341504193518122,
  "n_gt_free": 895,
  "n_seen": 781,
  "n_mapped": 855,
  "n_visited_waypoints": 3,
  "ticks": 147,
  "done_reason": "done",
  "skipped": 46,
  "resolution": 0.2,
  "scene": "office_1"
}
score → /home/ubuntu/workspace/aryan/xiao-hei-vln-cmu/exploration_logs/live_rviz/office_1/rrt_done_20260722T104739Z_score.json
→ done  shot=/home/ubuntu/workspace/aryan/xiao-hei-vln-cmu/exploration_logs/live_rviz/office_1/rrt_done_20260722T104739Z.png

===== [39/54] scene=office_1 algo=wall_follow (20260722T105248Z) =====
 Container aryan_xiao_hei_perception Running 
 Container aryan_iros2026_system Recreate 
 Container aryan_iros2026_system Recreated 
 Container aryan_xiao_hei_ai_module Recreate 
 Container aryan_xiao_hei_ai_module Recreated 
 Container aryan_iros2026_system Starting 
 Container aryan_iros2026_system Started 
 Container aryan_xiao_hei_ai_module Starting 
 Container aryan_xiao_hei_ai_module Started 
 Container aryan_iros2026_system Running 
 Container aryan_xiao_hei_perception Running 
 Container aryan_xiao_hei_ai_module Recreate 
 Container aryan_xiao_hei_ai_module Recreated 
 Container aryan_xiao_hei_ai_module Starting 
 Container aryan_xiao_hei_ai_module Started 
HARD STOP at 480s — FORCE_DONE dump
saved /home/ubuntu/workspace/aryan/xiao-hei-vln-cmu/exploration_logs/live_rviz/office_1/wall_follow_timeout_20260722T105248Z.png (1024, 768)
{
  "gt_coverage": 0.924022346368715,
  "mapped_coverage": 0.8033519553072626,
  "path_length_m": 67.97520545061977,
  "coverage_per_meter": 0.01359352046445768,
  "n_gt_free": 895,
  "n_seen": 827,
  "n_mapped": 719,
  "n_visited_waypoints": 17,
  "ticks": 247,
  "done_reason": "timeout",
  "skipped": 88,
  "resolution": 0.2,
  "scene": "office_1"
}
score → /home/ubuntu/workspace/aryan/xiao-hei-vln-cmu/exploration_logs/live_rviz/office_1/wall_follow_timeout_20260722T105248Z_score.json
→ timeout  shot=/home/ubuntu/workspace/aryan/xiao-hei-vln-cmu/exploration_logs/live_rviz/office_1/wall_follow_timeout_20260722T105248Z.png

===== [40/54] scene=office_2 algo=nbv (20260722T110129Z) =====
 Container aryan_xiao_hei_perception Running 
 Container aryan_iros2026_system Recreate 
 Container aryan_iros2026_system Recreated 
 Container aryan_xiao_hei_ai_module Recreate 
 Container aryan_xiao_hei_ai_module Recreated 
 Container aryan_iros2026_system Starting 
 Container aryan_iros2026_system Started 
 Container aryan_xiao_hei_ai_module Starting 
 Container aryan_xiao_hei_ai_module Started 
 Container aryan_iros2026_system Running 
 Container aryan_xiao_hei_perception Running 
 Container aryan_xiao_hei_ai_module Recreate 
 Container aryan_xiao_hei_ai_module Recreated 
 Container aryan_xiao_hei_ai_module Starting 
 Container aryan_xiao_hei_ai_module Started 
HARD STOP at 480s — FORCE_DONE dump
saved /home/ubuntu/workspace/aryan/xiao-hei-vln-cmu/exploration_logs/live_rviz/office_2/nbv_timeout_20260722T110129Z.png (1024, 768)
{
  "gt_coverage": 0.9871060171919771,
  "mapped_coverage": 0.5802292263610315,
  "path_length_m": 59.607605285827844,
  "coverage_per_meter": 0.016560068341256933,
  "n_gt_free": 698,
  "n_seen": 689,
  "n_mapped": 405,
  "n_visited_waypoints": 27,
  "ticks": 181,
  "done_reason": "timeout",
  "skipped": 46,
  "resolution": 0.2,
  "scene": "office_2"
}
score → /home/ubuntu/workspace/aryan/xiao-hei-vln-cmu/exploration_logs/live_rviz/office_2/nbv_timeout_20260722T110129Z_score.json
→ timeout  shot=/home/ubuntu/workspace/aryan/xiao-hei-vln-cmu/exploration_logs/live_rviz/office_2/nbv_timeout_20260722T110129Z.png

===== [41/54] scene=office_2 algo=rrt (20260722T111010Z) =====
 Container aryan_iros2026_system Recreate 
 Container aryan_xiao_hei_perception Running 
 Container aryan_iros2026_system Recreated 
 Container aryan_xiao_hei_ai_module Recreate 
 Container aryan_xiao_hei_ai_module Recreated 
 Container aryan_iros2026_system Starting 
 Container aryan_iros2026_system Started 
 Container aryan_xiao_hei_ai_module Starting 
 Container aryan_xiao_hei_ai_module Started 
 Container aryan_iros2026_system Running 
 Container aryan_xiao_hei_perception Running 
 Container aryan_xiao_hei_ai_module Recreate 
 Container aryan_xiao_hei_ai_module Recreated 
 Container aryan_xiao_hei_ai_module Starting 
 Container aryan_xiao_hei_ai_module Started 
saved /home/ubuntu/workspace/aryan/xiao-hei-vln-cmu/exploration_logs/live_rviz/office_2/rrt_done_20260722T111010Z.png (1024, 768)
{
  "gt_coverage": 0.9885386819484241,
  "mapped_coverage": 0.8094555873925502,
  "path_length_m": 34.4534345422615,
  "coverage_per_meter": 0.0286920214220111,
  "n_gt_free": 698,
  "n_seen": 690,
  "n_mapped": 565,
  "n_visited_waypoints": 9,
  "ticks": 140,
  "done_reason": "done",
  "skipped": 49,
  "resolution": 0.2,
  "scene": "office_2"
}
score → /home/ubuntu/workspace/aryan/xiao-hei-vln-cmu/exploration_logs/live_rviz/office_2/rrt_done_20260722T111010Z_score.json
→ done  shot=/home/ubuntu/workspace/aryan/xiao-hei-vln-cmu/exploration_logs/live_rviz/office_2/rrt_done_20260722T111010Z.png

===== [42/54] scene=office_2 algo=wall_follow (20260722T111640Z) =====
 Container aryan_iros2026_system Recreate 
 Container aryan_xiao_hei_perception Running 
 Container aryan_iros2026_system Recreated 
 Container aryan_xiao_hei_ai_module Recreate 
 Container aryan_xiao_hei_ai_module Recreated 
 Container aryan_iros2026_system Starting 
 Container aryan_iros2026_system Started 
 Container aryan_xiao_hei_ai_module Starting 
 Container aryan_xiao_hei_ai_module Started 
 Container aryan_xiao_hei_perception Running 
 Container aryan_iros2026_system Running 
 Container aryan_xiao_hei_ai_module Recreate 
 Container aryan_xiao_hei_ai_module Recreated 
 Container aryan_xiao_hei_ai_module Starting 
 Container aryan_xiao_hei_ai_module Started 
saved /home/ubuntu/workspace/aryan/xiao-hei-vln-cmu/exploration_logs/live_rviz/office_2/wall_follow_done_20260722T111640Z.png (1024, 768)
{
  "gt_coverage": 0.835243553008596,
  "mapped_coverage": 0.8868194842406877,
  "path_length_m": 21.56627609141323,
  "coverage_per_meter": 0.03872915052502524,
  "n_gt_free": 698,
  "n_seen": 583,
  "n_mapped": 619,
  "n_visited_waypoints": 0,
  "ticks": 68,
  "done_reason": "done",
  "skipped": 25,
  "resolution": 0.2,
  "scene": "office_2"
}
score → /home/ubuntu/workspace/aryan/xiao-hei-vln-cmu/exploration_logs/live_rviz/office_2/wall_follow_done_20260722T111640Z_score.json
→ done  shot=/home/ubuntu/workspace/aryan/xiao-hei-vln-cmu/exploration_logs/live_rviz/office_2/wall_follow_done_20260722T111640Z.png

===== [43/54] scene=office_building_1 algo=nbv (20260722T112012Z) =====
 Container aryan_iros2026_system Recreate 
 Container aryan_xiao_hei_perception Running 
 Container aryan_iros2026_system Recreated 
 Container aryan_xiao_hei_ai_module Recreate 
 Container aryan_xiao_hei_ai_module Recreated 
 Container aryan_iros2026_system Starting 
 Container aryan_iros2026_system Started 
 Container aryan_xiao_hei_ai_module Starting 
 Container aryan_xiao_hei_ai_module Started 
 Container aryan_xiao_hei_perception Running 
 Container aryan_iros2026_system Running 
 Container aryan_xiao_hei_ai_module Recreate 
 Container aryan_xiao_hei_ai_module Recreated 
 Container aryan_xiao_hei_ai_module Starting 
 Container aryan_xiao_hei_ai_module Started 
HARD STOP at 480s — FORCE_DONE dump
saved /home/ubuntu/workspace/aryan/xiao-hei-vln-cmu/exploration_logs/live_rviz/office_building_1/nbv_timeout_20260722T112012Z.png (1024, 768)
{
  "gt_coverage": 0.8552374015568808,
  "mapped_coverage": 0.8072108162243365,
  "path_length_m": 204.3874898828035,
  "coverage_per_meter": 0.0041843921173809456,
  "n_gt_free": 21967,
  "n_seen": 18787,
  "n_mapped": 17732,
  "n_visited_waypoints": 12,
  "ticks": 178,
  "done_reason": "timeout",
  "skipped": 61,
  "resolution": 0.2,
  "scene": "office_building_1"
}
score → /home/ubuntu/workspace/aryan/xiao-hei-vln-cmu/exploration_logs/live_rviz/office_building_1/nbv_timeout_20260722T112012Z_score.json
→ timeout  shot=/home/ubuntu/workspace/aryan/xiao-hei-vln-cmu/exploration_logs/live_rviz/office_building_1/nbv_timeout_20260722T112012Z.png

===== [44/54] scene=office_building_1 algo=rrt (20260722T112855Z) =====
 Container aryan_iros2026_system Recreate 
 Container aryan_xiao_hei_perception Running 
 Container aryan_iros2026_system Recreated 
 Container aryan_xiao_hei_ai_module Recreate 
 Container aryan_xiao_hei_ai_module Recreated 
 Container aryan_iros2026_system Starting 
 Container aryan_iros2026_system Started 
 Container aryan_xiao_hei_ai_module Starting 
 Container aryan_xiao_hei_ai_module Started 
 Container aryan_xiao_hei_perception Running 
 Container aryan_iros2026_system Running 
 Container aryan_xiao_hei_ai_module Recreate 
 Container aryan_xiao_hei_ai_module Recreated 
 Container aryan_xiao_hei_ai_module Starting 
 Container aryan_xiao_hei_ai_module Started 
HARD STOP at 480s — FORCE_DONE dump
saved /home/ubuntu/workspace/aryan/xiao-hei-vln-cmu/exploration_logs/live_rviz/office_building_1/rrt_timeout_20260722T112855Z.png (1024, 768)
{
  "gt_coverage": 0.7473482951700278,
  "mapped_coverage": 0.6554377020075568,
  "path_length_m": 138.94618484448415,
  "coverage_per_meter": 0.005378688849978134,
  "n_gt_free": 21967,
  "n_seen": 16417,
  "n_mapped": 14398,
  "n_visited_waypoints": 34,
  "ticks": 181,
  "done_reason": "timeout",
  "skipped": 47,
  "resolution": 0.2,
  "scene": "office_building_1"
}
score → /home/ubuntu/workspace/aryan/xiao-hei-vln-cmu/exploration_logs/live_rviz/office_building_1/rrt_timeout_20260722T112855Z_score.json
→ timeout  shot=/home/ubuntu/workspace/aryan/xiao-hei-vln-cmu/exploration_logs/live_rviz/office_building_1/rrt_timeout_20260722T112855Z.png

===== [45/54] scene=office_building_1 algo=wall_follow (20260722T113738Z) =====
 Container aryan_iros2026_system Recreate 
 Container aryan_xiao_hei_perception Running 
 Container aryan_iros2026_system Recreated 
 Container aryan_xiao_hei_ai_module Recreate 
 Container aryan_xiao_hei_ai_module Recreated 
 Container aryan_iros2026_system Starting 
 Container aryan_iros2026_system Started 
 Container aryan_xiao_hei_ai_module Starting 
 Container aryan_xiao_hei_ai_module Started 
 Container aryan_xiao_hei_perception Running 
 Container aryan_iros2026_system Running 
 Container aryan_xiao_hei_ai_module Recreate 
 Container aryan_xiao_hei_ai_module Recreated 
 Container aryan_xiao_hei_ai_module Starting 
 Container aryan_xiao_hei_ai_module Started 
saved /home/ubuntu/workspace/aryan/xiao-hei-vln-cmu/exploration_logs/live_rviz/office_building_1/wall_follow_done_20260722T113738Z.png (1024, 768)
{
  "gt_coverage": 0.624072472344881,
  "mapped_coverage": 0.5558337506259389,
  "path_length_m": 53.22525435679789,
  "coverage_per_meter": 0.011725119586303581,
  "n_gt_free": 21967,
  "n_seen": 13709,
  "n_mapped": 12210,
  "n_visited_waypoints": 0,
  "ticks": 54,
  "done_reason": "done",
  "skipped": 25,
  "resolution": 0.2,
  "scene": "office_building_1"
}
score → /home/ubuntu/workspace/aryan/xiao-hei-vln-cmu/exploration_logs/live_rviz/office_building_1/wall_follow_done_20260722T113738Z_score.json
→ done  shot=/home/ubuntu/workspace/aryan/xiao-hei-vln-cmu/exploration_logs/live_rviz/office_building_1/wall_follow_done_20260722T113738Z.png

===== [46/54] scene=office_building_2 algo=nbv (20260722T114107Z) =====
 Container aryan_xiao_hei_perception Running 
 Container aryan_iros2026_system Recreate 
 Container aryan_iros2026_system Recreated 
 Container aryan_xiao_hei_ai_module Recreate 
 Container aryan_xiao_hei_ai_module Recreated 
 Container aryan_iros2026_system Starting 
 Container aryan_iros2026_system Started 
 Container aryan_xiao_hei_ai_module Starting 
 Container aryan_xiao_hei_ai_module Started 
 Container aryan_xiao_hei_perception Running 
 Container aryan_iros2026_system Running 
 Container aryan_xiao_hei_ai_module Recreate 
 Container aryan_xiao_hei_ai_module Recreated 
 Container aryan_xiao_hei_ai_module Starting 
 Container aryan_xiao_hei_ai_module Started 
saved /home/ubuntu/workspace/aryan/xiao-hei-vln-cmu/exploration_logs/live_rviz/office_building_2/nbv_done_20260722T114107Z.png (1024, 768)
{
  "gt_coverage": 0.24140476952230946,
  "mapped_coverage": 0.2606748209583344,
  "path_length_m": 62.7931939067415,
  "coverage_per_meter": 0.003844441642526359,
  "n_gt_free": 40633,
  "n_seen": 9809,
  "n_mapped": 10592,
  "n_visited_waypoints": 1,
  "ticks": 84,
  "done_reason": "done",
  "skipped": 26,
  "resolution": 0.2,
  "scene": "office_building_2"
}
score → /home/ubuntu/workspace/aryan/xiao-hei-vln-cmu/exploration_logs/live_rviz/office_building_2/nbv_done_20260722T114107Z_score.json
→ done  shot=/home/ubuntu/workspace/aryan/xiao-hei-vln-cmu/exploration_logs/live_rviz/office_building_2/nbv_done_20260722T114107Z.png

===== [47/54] scene=office_building_2 algo=rrt (20260722T114416Z) =====
 Container aryan_iros2026_system Recreate 
 Container aryan_xiao_hei_perception Running 
 Container aryan_iros2026_system Recreated 
 Container aryan_xiao_hei_ai_module Recreate 
 Container aryan_xiao_hei_ai_module Recreated 
 Container aryan_iros2026_system Starting 
 Container aryan_iros2026_system Started 
 Container aryan_xiao_hei_ai_module Starting 
 Container aryan_xiao_hei_ai_module Started 
 Container aryan_xiao_hei_perception Running 
 Container aryan_iros2026_system Running 
 Container aryan_xiao_hei_ai_module Recreate 
 Container aryan_xiao_hei_ai_module Recreated 
 Container aryan_xiao_hei_ai_module Starting 
 Container aryan_xiao_hei_ai_module Started 
saved /home/ubuntu/workspace/aryan/xiao-hei-vln-cmu/exploration_logs/live_rviz/office_building_2/rrt_done_20260722T114416Z.png (1024, 768)
{
  "gt_coverage": 0.43661555878227054,
  "mapped_coverage": 0.4833263603475008,
  "path_length_m": 110.45528163577909,
  "coverage_per_meter": 0.003952871717098953,
  "n_gt_free": 40633,
  "n_seen": 17741,
  "n_mapped": 19639,
  "n_visited_waypoints": 22,
  "ticks": 212,
  "done_reason": "done",
  "skipped": 67,
  "resolution": 0.2,
  "scene": "office_building_2"
}
score → /home/ubuntu/workspace/aryan/xiao-hei-vln-cmu/exploration_logs/live_rviz/office_building_2/rrt_done_20260722T114416Z_score.json
→ done  shot=/home/ubuntu/workspace/aryan/xiao-hei-vln-cmu/exploration_logs/live_rviz/office_building_2/rrt_done_20260722T114416Z.png

===== [48/54] scene=office_building_2 algo=wall_follow (20260722T115217Z) =====
 Container aryan_iros2026_system Recreate 
 Container aryan_xiao_hei_perception Running 
 Container aryan_iros2026_system Recreated 
 Container aryan_xiao_hei_ai_module Recreate 
 Container aryan_xiao_hei_ai_module Recreated 
 Container aryan_iros2026_system Starting 
 Container aryan_iros2026_system Started 
 Container aryan_xiao_hei_ai_module Starting 
 Container aryan_xiao_hei_ai_module Started 
 Container aryan_iros2026_system Running 
 Container aryan_xiao_hei_perception Running 
 Container aryan_xiao_hei_ai_module Recreate 
 Container aryan_xiao_hei_ai_module Recreated 
 Container aryan_xiao_hei_ai_module Starting 
 Container aryan_xiao_hei_ai_module Started 
saved /home/ubuntu/workspace/aryan/xiao-hei-vln-cmu/exploration_logs/live_rviz/office_building_2/wall_follow_done_20260722T115217Z.png (1024, 768)
{
  "gt_coverage": 0.538650850294096,
  "mapped_coverage": 0.5750990574163857,
  "path_length_m": 74.94578721512028,
  "coverage_per_meter": 0.007187206516998509,
  "n_gt_free": 40633,
  "n_seen": 21887,
  "n_mapped": 23368,
  "n_visited_waypoints": 2,
  "ticks": 129,
  "done_reason": "done",
  "skipped": 42,
  "resolution": 0.2,
  "scene": "office_building_2"
}
score → /home/ubuntu/workspace/aryan/xiao-hei-vln-cmu/exploration_logs/live_rviz/office_building_2/wall_follow_done_20260722T115217Z_score.json
→ done  shot=/home/ubuntu/workspace/aryan/xiao-hei-vln-cmu/exploration_logs/live_rviz/office_building_2/wall_follow_done_20260722T115217Z.png

===== [49/54] scene=office_building_2_without_360_cam algo=nbv (20260722T115707Z) =====
 Container aryan_iros2026_system Recreate 
 Container aryan_xiao_hei_perception Running 
 Container aryan_iros2026_system Recreated 
 Container aryan_xiao_hei_ai_module Recreate 
 Container aryan_xiao_hei_ai_module Recreated 
 Container aryan_iros2026_system Starting 
 Container aryan_iros2026_system Started 
 Container aryan_xiao_hei_ai_module Starting 
 Container aryan_xiao_hei_ai_module Started 
 Container aryan_iros2026_system Running 
 Container aryan_xiao_hei_perception Running 
 Container aryan_xiao_hei_ai_module Recreate 
 Container aryan_xiao_hei_ai_module Recreated 
 Container aryan_xiao_hei_ai_module Starting 
 Container aryan_xiao_hei_ai_module Started 
saved /home/ubuntu/workspace/aryan/xiao-hei-vln-cmu/exploration_logs/live_rviz/office_building_2_without_360_cam/nbv_done_20260722T115707Z.png (1024, 768)
{
  "gt_coverage": 0.24226613836044594,
  "mapped_coverage": 0.262274505943445,
  "path_length_m": 42.05630058651447,
  "coverage_per_meter": 0.005760519469896732,
  "n_gt_free": 40633,
  "n_seen": 9844,
  "n_mapped": 10657,
  "n_visited_waypoints": 1,
  "ticks": 98,
  "done_reason": "done",
  "skipped": 25,
  "resolution": 0.2,
  "scene": "office_building_2_without_360_cam"
}
score → /home/ubuntu/workspace/aryan/xiao-hei-vln-cmu/exploration_logs/live_rviz/office_building_2_without_360_cam/nbv_done_20260722T115707Z_score.json
→ done  shot=/home/ubuntu/workspace/aryan/xiao-hei-vln-cmu/exploration_logs/live_rviz/office_building_2_without_360_cam/nbv_done_20260722T115707Z.png

===== [50/54] scene=office_building_2_without_360_cam algo=rrt (20260722T115920Z) =====
 Container aryan_xiao_hei_perception Running 
 Container aryan_iros2026_system Recreate 
 Container aryan_iros2026_system Recreated 
 Container aryan_xiao_hei_ai_module Recreate 
 Container aryan_xiao_hei_ai_module Recreated 
 Container aryan_iros2026_system Starting 
 Container aryan_iros2026_system Started 
 Container aryan_xiao_hei_ai_module Starting 
 Container aryan_xiao_hei_ai_module Started 
 Container aryan_xiao_hei_perception Running 
 Container aryan_iros2026_system Running 
 Container aryan_xiao_hei_ai_module Recreate 
 Container aryan_xiao_hei_ai_module Recreated 
 Container aryan_xiao_hei_ai_module Starting 
 Container aryan_xiao_hei_ai_module Started 
saved /home/ubuntu/workspace/aryan/xiao-hei-vln-cmu/exploration_logs/live_rviz/office_building_2_without_360_cam/rrt_done_20260722T115920Z.png (1024, 768)
{
  "gt_coverage": 0.2086235325966579,
  "mapped_coverage": 0.22740137326803336,
  "path_length_m": 19.213931700049365,
  "coverage_per_meter": 0.010857930373309378,
  "n_gt_free": 40633,
  "n_seen": 8477,
  "n_mapped": 9240,
  "n_visited_waypoints": 0,
  "ticks": 94,
  "done_reason": "done",
  "skipped": 25,
  "resolution": 0.2,
  "scene": "office_building_2_without_360_cam"
}
score → /home/ubuntu/workspace/aryan/xiao-hei-vln-cmu/exploration_logs/live_rviz/office_building_2_without_360_cam/rrt_done_20260722T115920Z_score.json
→ done  shot=/home/ubuntu/workspace/aryan/xiao-hei-vln-cmu/exploration_logs/live_rviz/office_building_2_without_360_cam/rrt_done_20260722T115920Z.png

===== [51/54] scene=office_building_2_without_360_cam algo=wall_follow (20260722T120129Z) =====
 Container aryan_iros2026_system Recreate 
 Container aryan_xiao_hei_perception Running 
 Container aryan_iros2026_system Recreated 
 Container aryan_xiao_hei_ai_module Recreate 
 Container aryan_xiao_hei_ai_module Recreated 
 Container aryan_iros2026_system Starting 
 Container aryan_iros2026_system Started 
 Container aryan_xiao_hei_ai_module Starting 
 Container aryan_xiao_hei_ai_module Started 
 Container aryan_xiao_hei_perception Running 
 Container aryan_iros2026_system Running 
 Container aryan_xiao_hei_ai_module Recreate 
 Container aryan_xiao_hei_ai_module Recreated 
 Container aryan_xiao_hei_ai_module Starting 
 Container aryan_xiao_hei_ai_module Started 
saved /home/ubuntu/workspace/aryan/xiao-hei-vln-cmu/exploration_logs/live_rviz/office_building_2_without_360_cam/wall_follow_done_20260722T120129Z.png (1024, 768)
{
  "gt_coverage": 0.2125366081756208,
  "mapped_coverage": 0.25922279920261854,
  "path_length_m": 34.29275038271048,
  "coverage_per_meter": 0.006197712513685583,
  "n_gt_free": 40633,
  "n_seen": 8636,
  "n_mapped": 10533,
  "n_visited_waypoints": 0,
  "ticks": 101,
  "done_reason": "done",
  "skipped": 25,
  "resolution": 0.2,
  "scene": "office_building_2_without_360_cam"
}
score → /home/ubuntu/workspace/aryan/xiao-hei-vln-cmu/exploration_logs/live_rviz/office_building_2_without_360_cam/wall_follow_done_20260722T120129Z_score.json
→ done  shot=/home/ubuntu/workspace/aryan/xiao-hei-vln-cmu/exploration_logs/live_rviz/office_building_2_without_360_cam/wall_follow_done_20260722T120129Z.png

===== [52/54] scene=studio algo=nbv (20260722T120347Z) =====
 Container aryan_xiao_hei_perception Running 
 Container aryan_iros2026_system Recreate 
 Container aryan_iros2026_system Recreated 
 Container aryan_xiao_hei_ai_module Recreate 
 Container aryan_xiao_hei_ai_module Recreated 
 Container aryan_iros2026_system Starting 
 Container aryan_iros2026_system Started 
 Container aryan_xiao_hei_ai_module Starting 
 Container aryan_xiao_hei_ai_module Started 
 Container aryan_iros2026_system Running 
 Container aryan_xiao_hei_perception Running 
 Container aryan_xiao_hei_ai_module Recreate 
 Container aryan_xiao_hei_ai_module Recreated 
 Container aryan_xiao_hei_ai_module Starting 
 Container aryan_xiao_hei_ai_module Started 
saved /home/ubuntu/workspace/aryan/xiao-hei-vln-cmu/exploration_logs/live_rviz/studio/nbv_done_20260722T120347Z.png (1024, 768)
{
  "gt_coverage": 0.8796414852752881,
  "mapped_coverage": 0.9295774647887324,
  "path_length_m": 13.437410615327662,
  "coverage_per_meter": 0.06546212737384885,
  "n_gt_free": 781,
  "n_seen": 687,
  "n_mapped": 726,
  "n_visited_waypoints": 2,
  "ticks": 74,
  "done_reason": "done",
  "skipped": 25,
  "resolution": 0.2,
  "scene": "studio"
}
score → /home/ubuntu/workspace/aryan/xiao-hei-vln-cmu/exploration_logs/live_rviz/studio/nbv_done_20260722T120347Z_score.json
→ done  shot=/home/ubuntu/workspace/aryan/xiao-hei-vln-cmu/exploration_logs/live_rviz/studio/nbv_done_20260722T120347Z.png

===== [53/54] scene=studio algo=rrt (20260722T120845Z) =====
 Container aryan_iros2026_system Recreate 
 Container aryan_xiao_hei_perception Running 
 Container aryan_iros2026_system Recreated 
 Container aryan_xiao_hei_ai_module Recreate 
 Container aryan_xiao_hei_ai_module Recreated 
 Container aryan_iros2026_system Starting 
 Container aryan_iros2026_system Started 
 Container aryan_xiao_hei_ai_module Starting 
 Container aryan_xiao_hei_ai_module Started 
 Container aryan_xiao_hei_perception Running 
 Container aryan_iros2026_system Running 
 Container aryan_xiao_hei_ai_module Recreate 
 Container aryan_xiao_hei_ai_module Recreated 
 Container aryan_xiao_hei_ai_module Starting 
 Container aryan_xiao_hei_ai_module Started 
saved /home/ubuntu/workspace/aryan/xiao-hei-vln-cmu/exploration_logs/live_rviz/studio/rrt_done_20260722T120845Z.png (1024, 768)
{
  "gt_coverage": 0.8258642765685019,
  "mapped_coverage": 0.8758002560819462,
  "path_length_m": 7.131306266091526,
  "coverage_per_meter": 0.11580827491526816,
  "n_gt_free": 781,
  "n_seen": 645,
  "n_mapped": 684,
  "n_visited_waypoints": 3,
  "ticks": 57,
  "done_reason": "done",
  "skipped": 25,
  "resolution": 0.2,
  "scene": "studio"
}
score → /home/ubuntu/workspace/aryan/xiao-hei-vln-cmu/exploration_logs/live_rviz/studio/rrt_done_20260722T120845Z_score.json
→ done  shot=/home/ubuntu/workspace/aryan/xiao-hei-vln-cmu/exploration_logs/live_rviz/studio/rrt_done_20260722T120845Z.png

===== [54/54] scene=studio algo=wall_follow (20260722T121232Z) =====
 Container aryan_iros2026_system Recreate 
 Container aryan_xiao_hei_perception Running 
 Container aryan_iros2026_system Recreated 
 Container aryan_xiao_hei_ai_module Recreate 
 Container aryan_xiao_hei_ai_module Recreated 
 Container aryan_iros2026_system Starting 
 Container aryan_iros2026_system Started 
 Container aryan_xiao_hei_ai_module Starting 
 Container aryan_xiao_hei_ai_module Started 
 Container aryan_xiao_hei_perception Running 
 Container aryan_iros2026_system Running 
 Container aryan_xiao_hei_ai_module Recreate 
 Container aryan_xiao_hei_ai_module Recreated 
 Container aryan_xiao_hei_ai_module Starting 
 Container aryan_xiao_hei_ai_module Started 
saved /home/ubuntu/workspace/aryan/xiao-hei-vln-cmu/exploration_logs/live_rviz/studio/wall_follow_done_20260722T121232Z.png (1024, 768)
{
  "gt_coverage": 0.7733674775928298,
  "mapped_coverage": 0.9795134443021767,
  "path_length_m": 7.605928166944169,
  "coverage_per_meter": 0.10167956633536618,
  "n_gt_free": 781,
  "n_seen": 604,
  "n_mapped": 765,
  "n_visited_waypoints": 0,
  "ticks": 62,
  "done_reason": "done",
  "skipped": 25,
  "resolution": 0.2,
  "scene": "studio"
}
score → /home/ubuntu/workspace/aryan/xiao-hei-vln-cmu/exploration_logs/live_rviz/studio/wall_follow_done_20260722T121232Z_score.json
→ done  shot=/home/ubuntu/workspace/aryan/xiao-hei-vln-cmu/exploration_logs/live_rviz/studio/wall_follow_done_20260722T121232Z.png

All runs finished. Manifest: /home/ubuntu/workspace/aryan/xiao-hei-vln-cmu/exploration_logs/live_rviz/manifest.jsonl
Screenshots under: /home/ubuntu/workspace/aryan/xiao-hei-vln-cmu/exploration_logs/live_rviz/<scene>/
{
  "metric": "live gt_coverage (pose_trace raycast \u2229 GT_free) / |GT_free|",
  "n_scores": 54,
  "ranking": [
    {
      "algo": "nbv",
      "n": 18,
      "mean_gt_coverage": 0.8258400223480394,
      "median_gt_coverage": 0.9070402524732009,
      "min": 0.24140476952230946,
      "max": 1.0
    },
    {
      "algo": "wall",
      "n": 18,
      "mean_gt_coverage": 0.8023084247661978,
      "median_gt_coverage": 0.8535363292412806,
      "min": 0.2125366081756208,
      "max": 1.0
    },
    {
      "algo": "rrt",
      "n": 18,
      "mean_gt_coverage": 0.752697351511903,
      "median_gt_coverage": 0.8104189107710235,
      "min": 0.2086235325966579,
      "max": 1.0
    }
  ],
  "runs": [
    {
      "scene": "arabic_room",
      "algo": "nbv",
      "path": "/home/ubuntu/workspace/aryan/xiao-hei-vln-cmu/exploration_logs/live_rviz/arabic_room/nbv_done_20260722T063753Z_score.json",
      "gt_coverage": 0.9848484848484849,
      "mapped_coverage": 0.9463869463869464,
      "path_length_m": 25.21180047892967,
      "coverage_per_meter": 0.039062996935564163,
      "n_gt_free": 858,
      "n_seen": 845,
      "n_mapped": 812,
      "n_visited_waypoints": 3,
      "ticks": 107,
      "done_reason": "done",
      "skipped": 43,
      "resolution": 0.2
    },
    {
      "scene": "arabic_room",
      "algo": "rrt",
      "path": "/home/ubuntu/workspace/aryan/xiao-hei-vln-cmu/exploration_logs/live_rviz/arabic_room/rrt_done_20260722T064444Z_score.json",
      "gt_coverage": 0.9778554778554779,
      "mapped_coverage": 0.8205128205128205,
      "path_length_m": 30.948145522038725,
      "coverage_per_meter": 0.031596577480196016,
      "n_gt_free": 858,
      "n_seen": 839,
      "n_mapped": 704,
      "n_visited_waypoints": 8,
      "ticks": 110,
      "done_reason": "done",
      "skipped": 43,
      "resolution": 0.2
    },
    {
      "scene": "arabic_room",
      "algo": "wall",
      "path": "/home/ubuntu/workspace/aryan/xiao-hei-vln-cmu/exploration_logs/live_rviz/arabic_room/wall_follow_timeout_20260722T065229Z_score.json",
      "gt_coverage": 0.9813519813519813,
      "mapped_coverage": 0.752913752913753,
      "path_length_m": 42.539565685820705,
      "coverage_per_meter": 0.023069158453563755,
      "n_gt_free": 858,
      "n_seen": 842,
      "n_mapped": 646,
      "n_visited_waypoints": 12,
      "ticks": 145,
      "done_reason": "timeout",
      "skipped": 51,
      "resolution": 0.2
    },
    {
      "scene": "chinese_room",
      "algo": "nbv",
      "path": "/home/ubuntu/workspace/aryan/xiao-hei-vln-cmu/exploration_logs/live_rviz/chinese_room/nbv_timeout_20260722T070110Z_score.json",
      "gt_coverage": 0.9648397104446742,
      "mapped_coverage": 0.8386763185108583,
      "path_length_m": 43.59787250100596,
      "coverage_per_meter": 0.022130431030147443,
      "n_gt_free": 967,
      "n_seen": 933,
      "n_mapped": 811,
      "n_visited_waypoints": 17,
      "ticks": 161,
      "done_reason": "timeout",
      "skipped": 50,
      "resolution": 0.2
    },
    {
      "scene": "chinese_room",
      "algo": "rrt",
      "path": "/home/ubuntu/workspace/aryan/xiao-hei-vln-cmu/exploration_logs/live_rviz/chinese_room/rrt_timeout_20260722T070952Z_score.json",
      "gt_coverage": 0.9110651499482937,
      "mapped_coverage": 0.6959669079627715,
      "path_length_m": 31.690340856870836,
      "coverage_per_meter": 0.02874898550517686,
      "n_gt_free": 967,
      "n_seen": 881,
      "n_mapped": 673,
      "n_visited_waypoints": 12,
      "ticks": 177,
      "done_reason": "timeout",
      "skipped": 58,
      "resolution": 0.2
    },
    {
      "scene": "chinese_room",
      "algo": "wall",
      "path": "/home/ubuntu/workspace/aryan/xiao-hei-vln-cmu/exploration_logs/live_rviz/chinese_room/wall_follow_done_20260722T071833Z_score.json",
      "gt_coverage": 0.7621509824198552,
      "mapped_coverage": 0.6173733195449845,
      "path_length_m": 52.686137665585164,
      "coverage_per_meter": 0.014465873115570889,
      "n_gt_free": 967,
      "n_seen": 737,
      "n_mapped": 597,
      "n_visited_waypoints": 20,
      "ticks": 90,
      "done_reason": "done",
      "skipped": 26,
      "resolution": 0.2
    },
    {
      "scene": "home_building_1",
      "algo": "nbv",
      "path": "/home/ubuntu/workspace/aryan/xiao-hei-vln-cmu/exploration_logs/live_rviz/home_building_1/nbv_timeout_20260722T072431Z_score.json",
      "gt_coverage": 0.7433545048223947,
      "mapped_coverage": 0.7657021877205363,
      "path_length_m": 115.55754096983436,
      "coverage_per_meter": 0.006432764998144458,
      "n_gt_free": 4251,
      "n_seen": 3160,
      "n_mapped": 3255,
      "n_visited_waypoints": 17,
      "ticks": 227,
      "done_reason": "timeout",
      "skipped": 67,
      "resolution": 0.2
    },
    {
      "scene": "home_building_1",
      "algo": "rrt",
      "path": "/home/ubuntu/workspace/aryan/xiao-hei-vln-cmu/exploration_logs/live_rviz/home_building_1/rrt_timeout_20260722T073313Z_score.json",
      "gt_coverage": 0.4542460597506469,
      "mapped_coverage": 0.529287226534933,
      "path_length_m": 121.50290987701766,
      "coverage_per_meter": 0.0037385611604728143,
      "n_gt_free": 4251,
      "n_seen": 1931,
      "n_mapped": 2250,
      "n_visited_waypoints": 38,
      "ticks": 367,
      "done_reason": "timeout",
      "skipped": 80,
      "resolution": 0.2
    },
    {
      "scene": "home_building_1",
      "algo": "wall",
      "path": "/home/ubuntu/workspace/aryan/xiao-hei-vln-cmu/exploration_logs/live_rviz/home_building_1/wall_follow_done_20260722T074155Z_score.json",
      "gt_coverage": 0.7419430722183016,
      "mapped_coverage": 0.7642907551164432,
      "path_length_m": 56.9588309838083,
      "coverage_per_meter": 0.013025953296499606,
      "n_gt_free": 4251,
      "n_seen": 3154,
      "n_mapped": 3249,
      "n_visited_waypoints": 4,
      "ticks": 95,
      "done_reason": "done",
      "skipped": 36,
      "resolution": 0.2
    },
    {
      "scene": "home_building_2",
      "algo": "nbv",
      "path": "/home/ubuntu/workspace/aryan/xiao-hei-vln-cmu/exploration_logs/live_rviz/home_building_2/nbv_timeout_20260722T074604Z_score.json",
      "gt_coverage": 0.7888638558094625,
      "mapped_coverage": 0.8255551979401352,
      "path_length_m": 91.74360537137018,
      "coverage_per_meter": 0.008598570468385342,
      "n_gt_free": 3107,
      "n_seen": 2451,
      "n_mapped": 2565,
      "n_visited_waypoints": 20,
      "ticks": 167,
      "done_reason": "timeout",
      "skipped": 51,
      "resolution": 0.2
    },
    {
      "scene": "home_building_2",
      "algo": "rrt",
      "path": "/home/ubuntu/workspace/aryan/xiao-hei-vln-cmu/exploration_logs/live_rviz/home_building_2/rrt_done_20260722T075444Z_score.json",
      "gt_coverage": 0.7087222401029932,
      "mapped_coverage": 0.8091406501448343,
      "path_length_m": 33.573643600944266,
      "coverage_per_meter": 0.021109482441847936,
      "n_gt_free": 3107,
      "n_seen": 2202,
      "n_mapped": 2514,
      "n_visited_waypoints": 8,
      "ticks": 130,
      "done_reason": "done",
      "skipped": 42,
      "resolution": 0.2
    },
    {
      "scene": "home_building_2",
      "algo": "wall",
      "path": "/home/ubuntu/workspace/aryan/xiao-hei-vln-cmu/exploration_logs/live_rviz/home_building_2/wall_follow_timeout_20260722T080117Z_score.json",
      "gt_coverage": 0.8310267138719022,
      "mapped_coverage": 0.8455101383971677,
      "path_length_m": 115.45899077900323,
      "coverage_per_meter": 0.007197592047747471,
      "n_gt_free": 3107,
      "n_seen": 2582,
      "n_mapped": 2627,
      "n_visited_waypoints": 10,
      "ticks": 165,
      "done_reason": "timeout",
      "skipped": 64,
      "resolution": 0.2
    },
    {
      "scene": "hotel_room_1",
      "algo": "nbv",
      "path": "/home/ubuntu/workspace/aryan/xiao-hei-vln-cmu/exploration_logs/live_rviz/hotel_room_1/nbv_done_20260722T081000Z_score.json",
      "gt_coverage": 0.9867724867724867,
      "mapped_coverage": 0.8690476190476191,
      "path_length_m": 45.22327091648327,
      "coverage_per_meter": 0.02182001581873242,
      "n_gt_free": 756,
      "n_seen": 746,
      "n_mapped": 657,
      "n_visited_waypoints": 7,
      "ticks": 200,
      "done_reason": "done",
      "skipped": 65,
      "resolution": 0.2
    },
    {
      "scene": "hotel_room_1",
      "algo": "rrt",
      "path": "/home/ubuntu/workspace/aryan/xiao-hei-vln-cmu/exploration_logs/live_rviz/hotel_room_1/rrt_done_20260722T081633Z_score.json",
      "gt_coverage": 0.794973544973545,
      "mapped_coverage": 0.8822751322751323,
      "path_length_m": 21.10655773023773,
      "coverage_per_meter": 0.03766476538401371,
      "n_gt_free": 756,
      "n_seen": 601,
      "n_mapped": 667,
      "n_visited_waypoints": 2,
      "ticks": 128,
      "done_reason": "done",
      "skipped": 46,
      "resolution": 0.2
    },
    {
      "scene": "hotel_room_1",
      "algo": "wall",
      "path": "/home/ubuntu/workspace/aryan/xiao-hei-vln-cmu/exploration_logs/live_rviz/hotel_room_1/wall_follow_done_20260722T082122Z_score.json",
      "gt_coverage": 0.5119047619047619,
      "mapped_coverage": 0.3888888888888889,
      "path_length_m": 0.03186089892497505,
      "coverage_per_meter": 16.066865003092904,
      "n_gt_free": 756,
      "n_seen": 387,
      "n_mapped": 294,
      "n_visited_waypoints": 0,
      "ticks": 2,
      "done_reason": "done",
      "skipped": 1,
      "resolution": 0.2
    },
    {
      "scene": "hotel_room_2",
      "algo": "nbv",
      "path": "/home/ubuntu/workspace/aryan/xiao-hei-vln-cmu/exploration_logs/live_rviz/hotel_room_2/nbv_done_20260722T082204Z_score.json",
      "gt_coverage": 0.8878718535469108,
      "mapped_coverage": 0.2974828375286041,
      "path_length_m": 7.273527336907974,
      "coverage_per_meter": 0.12206895120082839,
      "n_gt_free": 437,
      "n_seen": 388,
      "n_mapped": 130,
      "n_visited_waypoints": 8,
      "ticks": 93,
      "done_reason": "done",
      "skipped": 26,
      "resolution": 0.2
    },
    {
      "scene": "hotel_room_2",
      "algo": "rrt",
      "path": "/home/ubuntu/workspace/aryan/xiao-hei-vln-cmu/exploration_logs/live_rviz/hotel_room_2/rrt_done_20260722T082506Z_score.json",
      "gt_coverage": 0.7231121281464531,
      "mapped_coverage": 0.5697940503432495,
      "path_length_m": 9.504457461613791,
      "coverage_per_meter": 0.07608136824925867,
      "n_gt_free": 437,
      "n_seen": 316,
      "n_mapped": 249,
      "n_visited_waypoints": 3,
      "ticks": 71,
      "done_reason": "done",
      "skipped": 25,
      "resolution": 0.2
    },
    {
      "scene": "hotel_room_2",
      "algo": "wall",
      "path": "/home/ubuntu/workspace/aryan/xiao-hei-vln-cmu/exploration_logs/live_rviz/hotel_room_2/wall_follow_timeout_20260722T082915Z_score.json",
      "gt_coverage": 0.9565217391304348,
      "mapped_coverage": 0.37299771167048057,
      "path_length_m": 35.613392892698954,
      "coverage_per_meter": 0.026858483885890294,
      "n_gt_free": 437,
      "n_seen": 418,
      "n_mapped": 163,
      "n_visited_waypoints": 21,
      "ticks": 194,
      "done_reason": "timeout",
      "skipped": 62,
      "resolution": 0.2
    },
    {
      "scene": "japanese_room",
      "algo": "nbv",
      "path": "/home/ubuntu/workspace/aryan/xiao-hei-vln-cmu/exploration_logs/live_rviz/japanese_room/nbv_timeout_20260722T083757Z_score.json",
      "gt_coverage": 1.0,
      "mapped_coverage": 0.75625,
      "path_length_m": 36.60247559777928,
      "coverage_per_meter": 0.027320556428720662,
      "n_gt_free": 480,
      "n_seen": 480,
      "n_mapped": 363,
      "n_visited_waypoints": 8,
      "ticks": 148,
      "done_reason": "timeout",
      "skipped": 50,
      "resolution": 0.2
    },
    {
      "scene": "japanese_room",
      "algo": "rrt",
      "path": "/home/ubuntu/workspace/aryan/xiao-hei-vln-cmu/exploration_logs/live_rviz/japanese_room/rrt_done_20260722T084640Z_score.json",
      "gt_coverage": 1.0,
      "mapped_coverage": 0.83125,
      "path_length_m": 34.150654278643806,
      "coverage_per_meter": 0.02928201585365679,
      "n_gt_free": 480,
      "n_seen": 480,
      "n_mapped": 399,
      "n_visited_waypoints": 5,
      "ticks": 117,
      "done_reason": "done",
      "skipped": 43,
      "resolution": 0.2
    },
    {
      "scene": "japanese_room",
      "algo": "wall",
      "path": "/home/ubuntu/workspace/aryan/xiao-hei-vln-cmu/exploration_logs/live_rviz/japanese_room/wall_follow_timeout_20260722T085359Z_score.json",
      "gt_coverage": 1.0,
      "mapped_coverage": 0.33125,
      "path_length_m": 73.07051960096038,
      "coverage_per_meter": 0.013685409731051876,
      "n_gt_free": 480,
      "n_seen": 480,
      "n_mapped": 159,
      "n_visited_waypoints": 28,
      "ticks": 141,
      "done_reason": "timeout",
      "skipped": 44,
      "resolution": 0.2
    },
    {
      "scene": "livingroom_1",
      "algo": "nbv",
      "path": "/home/ubuntu/workspace/aryan/xiao-hei-vln-cmu/exploration_logs/live_rviz/livingroom_1/nbv_done_20260722T090241Z_score.json",
      "gt_coverage": 0.8518024032042724,
      "mapped_coverage": 0.8678237650200267,
      "path_length_m": 29.06662305998771,
      "coverage_per_meter": 0.029305172515098236,
      "n_gt_free": 749,
      "n_seen": 638,
      "n_mapped": 650,
      "n_visited_waypoints": 6,
      "ticks": 74,
      "done_reason": "done",
      "skipped": 28,
      "resolution": 0.2
    },
    {
      "scene": "livingroom_1",
      "algo": "rrt",
      "path": "/home/ubuntu/workspace/aryan/xiao-hei-vln-cmu/exploration_logs/live_rviz/livingroom_1/rrt_timeout_20260722T090819Z_score.json",
      "gt_coverage": 0.8331108144192256,
      "mapped_coverage": 0.822429906542056,
      "path_length_m": 25.95533906963766,
      "coverage_per_meter": 0.032097859025613414,
      "n_gt_free": 749,
      "n_seen": 624,
      "n_mapped": 616,
      "n_visited_waypoints": 9,
      "ticks": 121,
      "done_reason": "timeout",
      "skipped": 45,
      "resolution": 0.2
    },
    {
      "scene": "livingroom_1",
      "algo": "wall",
      "path": "/home/ubuntu/workspace/aryan/xiao-hei-vln-cmu/exploration_logs/live_rviz/livingroom_1/wall_follow_timeout_20260722T091701Z_score.json",
      "gt_coverage": 0.8718291054739653,
      "mapped_coverage": 0.465954606141522,
      "path_length_m": 63.74022615357009,
      "coverage_per_meter": 0.013677847696577934,
      "n_gt_free": 749,
      "n_seen": 653,
      "n_mapped": 349,
      "n_visited_waypoints": 24,
      "ticks": 111,
      "done_reason": "timeout",
      "skipped": 39,
      "resolution": 0.2
    },
    {
      "scene": "livingroom_2",
      "algo": "nbv",
      "path": "/home/ubuntu/workspace/aryan/xiao-hei-vln-cmu/exploration_logs/live_rviz/livingroom_2/nbv_timeout_20260722T092543Z_score.json",
      "gt_coverage": 0.98989898989899,
      "mapped_coverage": 0.872895622895623,
      "path_length_m": 98.68987269678861,
      "coverage_per_meter": 0.010030400920065241,
      "n_gt_free": 1188,
      "n_seen": 1176,
      "n_mapped": 1037,
      "n_visited_waypoints": 15,
      "ticks": 244,
      "done_reason": "timeout",
      "skipped": 69,
      "resolution": 0.2
    },
    {
      "scene": "livingroom_2",
      "algo": "rrt",
      "path": "/home/ubuntu/workspace/aryan/xiao-hei-vln-cmu/exploration_logs/live_rviz/livingroom_2/rrt_done_20260722T093424Z_score.json",
      "gt_coverage": 0.49747474747474746,
      "mapped_coverage": 0.5951178451178452,
      "path_length_m": 7.723287470176181,
      "coverage_per_meter": 0.06441230491494307,
      "n_gt_free": 1188,
      "n_seen": 591,
      "n_mapped": 707,
      "n_visited_waypoints": 5,
      "ticks": 66,
      "done_reason": "done",
      "skipped": 27,
      "resolution": 0.2
    },
    {
      "scene": "livingroom_2",
      "algo": "wall",
      "path": "/home/ubuntu/workspace/aryan/xiao-hei-vln-cmu/exploration_logs/live_rviz/livingroom_2/wall_follow_done_20260722T093819Z_score.json",
      "gt_coverage": 0.98989898989899,
      "mapped_coverage": 0.9065656565656566,
      "path_length_m": 85.00341229265895,
      "coverage_per_meter": 0.011645402969128563,
      "n_gt_free": 1188,
      "n_seen": 1176,
      "n_mapped": 1077,
      "n_visited_waypoints": 11,
      "ticks": 171,
      "done_reason": "done",
      "skipped": 65,
      "resolution": 0.2
    },
    {
      "scene": "livingroom_3",
      "algo": "nbv",
      "path": "/home/ubuntu/workspace/aryan/xiao-hei-vln-cmu/exploration_logs/live_rviz/livingroom_3/nbv_done_20260722T094514Z_score.json",
      "gt_coverage": 0.926208651399491,
      "mapped_coverage": 0.8295165394402035,
      "path_length_m": 44.35161188840076,
      "coverage_per_meter": 0.020883314314033345,
      "n_gt_free": 1179,
      "n_seen": 1092,
      "n_mapped": 978,
      "n_visited_waypoints": 19,
      "ticks": 110,
      "done_reason": "done",
      "skipped": 32,
      "resolution": 0.2
    },
    {
      "scene": "livingroom_3",
      "algo": "rrt",
      "path": "/home/ubuntu/workspace/aryan/xiao-hei-vln-cmu/exploration_logs/live_rviz/livingroom_3/rrt_timeout_20260722T095057Z_score.json",
      "gt_coverage": 0.9906700593723494,
      "mapped_coverage": 0.816793893129771,
      "path_length_m": 68.17767505452562,
      "coverage_per_meter": 0.014530710508682694,
      "n_gt_free": 1179,
      "n_seen": 1168,
      "n_mapped": 963,
      "n_visited_waypoints": 28,
      "ticks": 201,
      "done_reason": "timeout",
      "skipped": 59,
      "resolution": 0.2
    },
    {
      "scene": "livingroom_3",
      "algo": "wall",
      "path": "/home/ubuntu/workspace/aryan/xiao-hei-vln-cmu/exploration_logs/live_rviz/livingroom_3/wall_follow_timeout_20260722T095939Z_score.json",
      "gt_coverage": 0.9711620016963528,
      "mapped_coverage": 0.7862595419847328,
      "path_length_m": 88.60218094662322,
      "coverage_per_meter": 0.010960926597071145,
      "n_gt_free": 1179,
      "n_seen": 1145,
      "n_mapped": 927,
      "n_visited_waypoints": 17,
      "ticks": 143,
      "done_reason": "timeout",
      "skipped": 50,
      "resolution": 0.2
    },
    {
      "scene": "livingroom_4",
      "algo": "nbv",
      "path": "/home/ubuntu/workspace/aryan/xiao-hei-vln-cmu/exploration_logs/live_rviz/livingroom_4/nbv_done_20260722T100821Z_score.json",
      "gt_coverage": 0.956268221574344,
      "mapped_coverage": 0.8673469387755102,
      "path_length_m": 25.1919809001717,
      "coverage_per_meter": 0.03795923096971808,
      "n_gt_free": 686,
      "n_seen": 656,
      "n_mapped": 595,
      "n_visited_waypoints": 5,
      "ticks": 72,
      "done_reason": "done",
      "skipped": 26,
      "resolution": 0.2
    },
    {
      "scene": "livingroom_4",
      "algo": "rrt",
      "path": "/home/ubuntu/workspace/aryan/xiao-hei-vln-cmu/exploration_logs/live_rviz/livingroom_4/rrt_done_20260722T101308Z_score.json",
      "gt_coverage": 0.9620991253644315,
      "mapped_coverage": 0.7900874635568513,
      "path_length_m": 19.49018581403318,
      "coverage_per_meter": 0.04936326079927407,
      "n_gt_free": 686,
      "n_seen": 660,
      "n_mapped": 542,
      "n_visited_waypoints": 8,
      "ticks": 107,
      "done_reason": "done",
      "skipped": 43,
      "resolution": 0.2
    },
    {
      "scene": "livingroom_4",
      "algo": "wall",
      "path": "/home/ubuntu/workspace/aryan/xiao-hei-vln-cmu/exploration_logs/live_rviz/livingroom_4/wall_follow_done_20260722T102017Z_score.json",
      "gt_coverage": 0.9635568513119533,
      "mapped_coverage": 0.9795918367346939,
      "path_length_m": 19.065195864407624,
      "coverage_per_meter": 0.0505400971573964,
      "n_gt_free": 686,
      "n_seen": 661,
      "n_mapped": 672,
      "n_visited_waypoints": 1,
      "ticks": 60,
      "done_reason": "done",
      "skipped": 26,
      "resolution": 0.2
    },
    {
      "scene": "loft",
      "algo": "nbv",
      "path": "/home/ubuntu/workspace/aryan/xiao-hei-vln-cmu/exploration_logs/live_rviz/loft/nbv_done_20260722T102434Z_score.json",
      "gt_coverage": 0.615606936416185,
      "mapped_coverage": 0.5563583815028902,
      "path_length_m": 20.077981520474367,
      "coverage_per_meter": 0.030660798038310007,
      "n_gt_free": 692,
      "n_seen": 426,
      "n_mapped": 385,
      "n_visited_waypoints": 9,
      "ticks": 83,
      "done_reason": "done",
      "skipped": 31,
      "resolution": 0.2
    },
    {
      "scene": "loft",
      "algo": "rrt",
      "path": "/home/ubuntu/workspace/aryan/xiao-hei-vln-cmu/exploration_logs/live_rviz/loft/rrt_done_20260722T102857Z_score.json",
      "gt_coverage": 0.615606936416185,
      "mapped_coverage": 0.6040462427745664,
      "path_length_m": 18.44982328038332,
      "coverage_per_meter": 0.033366549210838564,
      "n_gt_free": 692,
      "n_seen": 426,
      "n_mapped": 418,
      "n_visited_waypoints": 6,
      "ticks": 101,
      "done_reason": "done",
      "skipped": 33,
      "resolution": 0.2
    },
    {
      "scene": "loft",
      "algo": "wall",
      "path": "/home/ubuntu/workspace/aryan/xiao-hei-vln-cmu/exploration_logs/live_rviz/loft/wall_follow_timeout_20260722T103415Z_score.json",
      "gt_coverage": 0.9523121387283237,
      "mapped_coverage": 0.7716763005780347,
      "path_length_m": 25.745750987332283,
      "coverage_per_meter": 0.03698909925746159,
      "n_gt_free": 692,
      "n_seen": 659,
      "n_mapped": 534,
      "n_visited_waypoints": 12,
      "ticks": 138,
      "done_reason": "timeout",
      "skipped": 56,
      "resolution": 0.2
    },
    {
      "scene": "office_1",
      "algo": "nbv",
      "path": "/home/ubuntu/workspace/aryan/xiao-hei-vln-cmu/exploration_logs/live_rviz/office_1/nbv_done_20260722T104256Z_score.json",
      "gt_coverage": 0.9631284916201117,
      "mapped_coverage": 0.8837988826815643,
      "path_length_m": 31.40986954969474,
      "coverage_per_meter": 0.03066324392389818,
      "n_gt_free": 895,
      "n_seen": 862,
      "n_mapped": 791,
      "n_visited_waypoints": 7,
      "ticks": 131,
      "done_reason": "done",
      "skipped": 36,
      "resolution": 0.2
    },
    {
      "scene": "office_1",
      "algo": "rrt",
      "path": "/home/ubuntu/workspace/aryan/xiao-hei-vln-cmu/exploration_logs/live_rviz/office_1/rrt_done_20260722T104739Z_score.json",
      "gt_coverage": 0.8726256983240224,
      "mapped_coverage": 0.9553072625698324,
      "path_length_m": 26.114756941402295,
      "coverage_per_meter": 0.03341504193518122,
      "n_gt_free": 895,
      "n_seen": 781,
      "n_mapped": 855,
      "n_visited_waypoints": 3,
      "ticks": 147,
      "done_reason": "done",
      "skipped": 46,
      "resolution": 0.2
    },
    {
      "scene": "office_1",
      "algo": "wall",
      "path": "/home/ubuntu/workspace/aryan/xiao-hei-vln-cmu/exploration_logs/live_rviz/office_1/wall_follow_timeout_20260722T105248Z_score.json",
      "gt_coverage": 0.924022346368715,
      "mapped_coverage": 0.8033519553072626,
      "path_length_m": 67.97520545061977,
      "coverage_per_meter": 0.01359352046445768,
      "n_gt_free": 895,
      "n_seen": 827,
      "n_mapped": 719,
      "n_visited_waypoints": 17,
      "ticks": 247,
      "done_reason": "timeout",
      "skipped": 88,
      "resolution": 0.2
    },
    {
      "scene": "office_2",
      "algo": "nbv",
      "path": "/home/ubuntu/workspace/aryan/xiao-hei-vln-cmu/exploration_logs/live_rviz/office_2/nbv_timeout_20260722T110129Z_score.json",
      "gt_coverage": 0.9871060171919771,
      "mapped_coverage": 0.5802292263610315,
      "path_length_m": 59.607605285827844,
      "coverage_per_meter": 0.016560068341256933,
      "n_gt_free": 698,
      "n_seen": 689,
      "n_mapped": 405,
      "n_visited_waypoints": 27,
      "ticks": 181,
      "done_reason": "timeout",
      "skipped": 46,
      "resolution": 0.2
    },
    {
      "scene": "office_2",
      "algo": "rrt",
      "path": "/home/ubuntu/workspace/aryan/xiao-hei-vln-cmu/exploration_logs/live_rviz/office_2/rrt_done_20260722T111010Z_score.json",
      "gt_coverage": 0.9885386819484241,
      "mapped_coverage": 0.8094555873925502,
      "path_length_m": 34.4534345422615,
      "coverage_per_meter": 0.0286920214220111,
      "n_gt_free": 698,
      "n_seen": 690,
      "n_mapped": 565,
      "n_visited_waypoints": 9,
      "ticks": 140,
      "done_reason": "done",
      "skipped": 49,
      "resolution": 0.2
    },
    {
      "scene": "office_2",
      "algo": "wall",
      "path": "/home/ubuntu/workspace/aryan/xiao-hei-vln-cmu/exploration_logs/live_rviz/office_2/wall_follow_done_20260722T111640Z_score.json",
      "gt_coverage": 0.835243553008596,
      "mapped_coverage": 0.8868194842406877,
      "path_length_m": 21.56627609141323,
      "coverage_per_meter": 0.03872915052502524,
      "n_gt_free": 698,
      "n_seen": 583,
      "n_mapped": 619,
      "n_visited_waypoints": 0,
      "ticks": 68,
      "done_reason": "done",
      "skipped": 25,
      "resolution": 0.2
    },
    {
      "scene": "office_building_1",
      "algo": "nbv",
      "path": "/home/ubuntu/workspace/aryan/xiao-hei-vln-cmu/exploration_logs/live_rviz/office_building_1/nbv_timeout_20260722T112012Z_score.json",
      "gt_coverage": 0.8552374015568808,
      "mapped_coverage": 0.8072108162243365,
      "path_length_m": 204.3874898828035,
      "coverage_per_meter": 0.0041843921173809456,
      "n_gt_free": 21967,
      "n_seen": 18787,
      "n_mapped": 17732,
      "n_visited_waypoints": 12,
      "ticks": 178,
      "done_reason": "timeout",
      "skipped": 61,
      "resolution": 0.2
    },
    {
      "scene": "office_building_1",
      "algo": "rrt",
      "path": "/home/ubuntu/workspace/aryan/xiao-hei-vln-cmu/exploration_logs/live_rviz/office_building_1/rrt_timeout_20260722T112855Z_score.json",
      "gt_coverage": 0.7473482951700278,
      "mapped_coverage": 0.6554377020075568,
      "path_length_m": 138.94618484448415,
      "coverage_per_meter": 0.005378688849978134,
      "n_gt_free": 21967,
      "n_seen": 16417,
      "n_mapped": 14398,
      "n_visited_waypoints": 34,
      "ticks": 181,
      "done_reason": "timeout",
      "skipped": 47,
      "resolution": 0.2
    },
    {
      "scene": "office_building_1",
      "algo": "wall",
      "path": "/home/ubuntu/workspace/aryan/xiao-hei-vln-cmu/exploration_logs/live_rviz/office_building_1/wall_follow_done_20260722T113738Z_score.json",
      "gt_coverage": 0.624072472344881,
      "mapped_coverage": 0.5558337506259389,
      "path_length_m": 53.22525435679789,
      "coverage_per_meter": 0.011725119586303581,
      "n_gt_free": 21967,
      "n_seen": 13709,
      "n_mapped": 12210,
      "n_visited_waypoints": 0,
      "ticks": 54,
      "done_reason": "done",
      "skipped": 25,
      "resolution": 0.2
    },
    {
      "scene": "office_building_2",
      "algo": "nbv",
      "path": "/home/ubuntu/workspace/aryan/xiao-hei-vln-cmu/exploration_logs/live_rviz/office_building_2/nbv_done_20260722T114107Z_score.json",
      "gt_coverage": 0.24140476952230946,
      "mapped_coverage": 0.2606748209583344,
      "path_length_m": 62.7931939067415,
      "coverage_per_meter": 0.003844441642526359,
      "n_gt_free": 40633,
      "n_seen": 9809,
      "n_mapped": 10592,
      "n_visited_waypoints": 1,
      "ticks": 84,
      "done_reason": "done",
      "skipped": 26,
      "resolution": 0.2
    },
    {
      "scene": "office_building_2",
      "algo": "rrt",
      "path": "/home/ubuntu/workspace/aryan/xiao-hei-vln-cmu/exploration_logs/live_rviz/office_building_2/rrt_done_20260722T114416Z_score.json",
      "gt_coverage": 0.43661555878227054,
      "mapped_coverage": 0.4833263603475008,
      "path_length_m": 110.45528163577909,
      "coverage_per_meter": 0.003952871717098953,
      "n_gt_free": 40633,
      "n_seen": 17741,
      "n_mapped": 19639,
      "n_visited_waypoints": 22,
      "ticks": 212,
      "done_reason": "done",
      "skipped": 67,
      "resolution": 0.2
    },
    {
      "scene": "office_building_2",
      "algo": "wall",
      "path": "/home/ubuntu/workspace/aryan/xiao-hei-vln-cmu/exploration_logs/live_rviz/office_building_2/wall_follow_done_20260722T115217Z_score.json",
      "gt_coverage": 0.538650850294096,
      "mapped_coverage": 0.5750990574163857,
      "path_length_m": 74.94578721512028,
      "coverage_per_meter": 0.007187206516998509,
      "n_gt_free": 40633,
      "n_seen": 21887,
      "n_mapped": 23368,
      "n_visited_waypoints": 2,
      "ticks": 129,
      "done_reason": "done",
      "skipped": 42,
      "resolution": 0.2
    },
    {
      "scene": "office_building_2_without_360_cam",
      "algo": "nbv",
      "path": "/home/ubuntu/workspace/aryan/xiao-hei-vln-cmu/exploration_logs/live_rviz/office_building_2_without_360_cam/nbv_done_20260722T115707Z_score.json",
      "gt_coverage": 0.24226613836044594,
      "mapped_coverage": 0.262274505943445,
      "path_length_m": 42.05630058651447,
      "coverage_per_meter": 0.005760519469896732,
      "n_gt_free": 40633,
      "n_seen": 9844,
      "n_mapped": 10657,
      "n_visited_waypoints": 1,
      "ticks": 98,
      "done_reason": "done",
      "skipped": 25,
      "resolution": 0.2
    },
    {
      "scene": "office_building_2_without_360_cam",
      "algo": "rrt",
      "path": "/home/ubuntu/workspace/aryan/xiao-hei-vln-cmu/exploration_logs/live_rviz/office_building_2_without_360_cam/rrt_done_20260722T115920Z_score.json",
      "gt_coverage": 0.2086235325966579,
      "mapped_coverage": 0.22740137326803336,
      "path_length_m": 19.213931700049365,
      "coverage_per_meter": 0.010857930373309378,
      "n_gt_free": 40633,
      "n_seen": 8477,
      "n_mapped": 9240,
      "n_visited_waypoints": 0,
      "ticks": 94,
      "done_reason": "done",
      "skipped": 25,
      "resolution": 0.2
    },
    {
      "scene": "office_building_2_without_360_cam",
      "algo": "wall",
      "path": "/home/ubuntu/workspace/aryan/xiao-hei-vln-cmu/exploration_logs/live_rviz/office_building_2_without_360_cam/wall_follow_done_20260722T120129Z_score.json",
      "gt_coverage": 0.2125366081756208,
      "mapped_coverage": 0.25922279920261854,
      "path_length_m": 34.29275038271048,
      "coverage_per_meter": 0.006197712513685583,
      "n_gt_free": 40633,
      "n_seen": 8636,
      "n_mapped": 10533,
      "n_visited_waypoints": 0,
      "ticks": 101,
      "done_reason": "done",
      "skipped": 25,
      "resolution": 0.2
    },
    {
      "scene": "studio",
      "algo": "nbv",
      "path": "/home/ubuntu/workspace/aryan/xiao-hei-vln-cmu/exploration_logs/live_rviz/studio/nbv_done_20260722T120347Z_score.json",
      "gt_coverage": 0.8796414852752881,
      "mapped_coverage": 0.9295774647887324,
      "path_length_m": 13.437410615327662,
      "coverage_per_meter": 0.06546212737384885,
      "n_gt_free": 781,
      "n_seen": 687,
      "n_mapped": 726,
      "n_visited_waypoints": 2,
      "ticks": 74,
      "done_reason": "done",
      "skipped": 25,
      "resolution": 0.2
    },
    {
      "scene": "studio",
      "algo": "rrt",
      "path": "/home/ubuntu/workspace/aryan/xiao-hei-vln-cmu/exploration_logs/live_rviz/studio/rrt_done_20260722T120845Z_score.json",
      "gt_coverage": 0.8258642765685019,
      "mapped_coverage": 0.8758002560819462,
      "path_length_m": 7.131306266091526,
      "coverage_per_meter": 0.11580827491526816,
      "n_gt_free": 781,
      "n_seen": 645,
      "n_mapped": 684,
      "n_visited_waypoints": 3,
      "ticks": 57,
      "done_reason": "done",
      "skipped": 25,
      "resolution": 0.2
    },
    {
      "scene": "studio",
      "algo": "wall",
      "path": "/home/ubuntu/workspace/aryan/xiao-hei-vln-cmu/exploration_logs/live_rviz/studio/wall_follow_done_20260722T121232Z_score.json",
      "gt_coverage": 0.7733674775928298,
      "mapped_coverage": 0.9795134443021767,
      "path_length_m": 7.605928166944169,
      "coverage_per_meter": 0.10167956633536618,
      "n_gt_free": 781,
      "n_seen": 604,
      "n_mapped": 765,
      "n_visited_waypoints": 0,
      "ticks": 62,
      "done_reason": "done",
      "skipped": 25,
      "resolution": 0.2
    }
  ]
}
wrote /home/ubuntu/workspace/aryan/xiao-hei-vln-cmu/exploration_logs/live_rviz/live_summary.json
Summary: /home/ubuntu/workspace/aryan/xiao-hei-vln-cmu/exploration_logs/live_rviz/live_summary.json
